person_id,age_band,gender,region,education,digital_engagement_score,wellbeing_0_10,service_support_0_10,response_propensity,responded,invited,weight
P00003,25-34,Man,London,No degree,85.8,5.0,6.0,0.2331,1,1,0.8795690476175343
P00023,35-44,Woman,London,Degree,76.0,5.8,9.1,0.3213,1,1,0.7073530874284455
P00033,18-24,Man,North,No degree,76.0,3.6,5.9,0.1419,1,1,0.873838109125281
P00056,35-44,Woman,North,No degree,84.5,7.0,5.8,0.2588,1,1,1.0352407333175977
P00152,55-64,Man,Scotland/Wales,No degree,51.9,7.6,4.2,0.1495,1,1,1.5769404300291507
P00195,25-34,Non-binary / other,North,No degree,43.3,4.3,3.6,0.0778,1,1,0.8623869631624932
P00259,45-54,Man,Midlands,Degree,68.1,5.0,6.0,0.2287,1,1,0.94702483247465
P00281,35-44,Man,London,Degree,80.9,3.0,3.6,0.2538,1,1,0.7073530874284455
P00291,35-44,Woman,London,Degree,75.3,7.5,6.4,0.3792,1,1,0.7073530874284455
P00297,25-34,Man,Midlands,Degree,83.0,7.0,8.8,0.3687,1,1,0.6929867282321883
P00374,65-74,Woman,North,No degree,41.2,8.3,5.5,0.1013,1,1,2.2698729274831586
P00495,25-34,Man,Midlands,No degree,81.6,4.4,5.9,0.1769,1,1,1.0344220533467472
P00524,55-64,Woman,South,Degree,57.6,7.8,6.4,0.2651,1,1,0.89065043049051
P00591,25-34,Woman,South,Degree,72.0,4.5,6.2,0.2311,1,1,0.6139071986888239
P00613,25-34,Woman,Scotland/Wales,Degree,83.6,8.5,7.0,0.4296,1,1,0.7281785438068972
P00635,45-54,Man,Scotland/Wales,Degree,63.8,6.4,5.4,0.2507,1,1,0.9951174176445505
P00727,25-34,Man,Scotland/Wales,No degree,73.9,2.6,5.8,0.1181,1,1,1.0869529152590018
P00740,18-24,Woman,London,Degree,92.2,6.7,6.5,0.4464,1,1,0.5970708691316284
P00843,55-64,Woman,North,Degree,75.0,6.1,7.8,0.2944,1,1,0.8381734213821421
P00898,18-24,Man,Scotland/Wales,Degree,91.2,7.5,9.9,0.4351,1,1,0.7378476125060859
P00914,35-44,Woman,South,Degree,82.7,6.0,7.4,0.3307,1,1,0.7369565702024881
P00927,35-44,Man,North,Degree,84.7,7.9,5.2,0.4126,1,1,0.6935351836258383
P00952,35-44,Woman,Scotland/Wales,Degree,60.5,7.4,6.0,0.2662,1,1,0.8741320565797465
P00982,45-54,Man,North,No degree,67.8,4.0,7.6,0.1264,1,1,1.178524546062652
P00994,25-34,Woman,Midlands,No degree,57.3,8.2,3.9,0.1805,1,1,1.0344220533467472
P01016,35-44,Woman,London,Degree,86.7,5.7,7.6,0.3759,1,1,0.7073530874284455
P01037,45-54,Man,South,Degree,83.6,8.6,8.9,0.4335,1,1,0.838955983293333
P01106,18-24,Woman,South,Degree,96.6,5.3,8.1,0.3814,1,1,0.6220589231931138
P01130,18-24,Man,North,Degree,97.7,5.5,9.9,0.3953,1,1,0.5854072912387358
P01133,45-54,Man,South,No degree,60.0,6.4,2.9,0.1498,1,1,1.252310521327989
P01192,25-34,Man,London,No degree,74.3,7.4,10.0,0.253,1,1,0.8795690476175343
P01231,35-44,Woman,North,No degree,71.0,5.3,4.7,0.1614,1,1,1.0352407333175977
P01276,45-54,Man,North,No degree,72.2,7.4,6.5,0.217,1,1,1.178524546062652
P01280,35-44,Man,South,No degree,72.1,5.7,5.8,0.174,1,1,1.1000558849386992
P01346,25-34,Man,South,Degree,71.9,6.4,6.7,0.289,1,1,0.6139071986888239
P01355,45-54,Woman,London,Degree,54.8,5.6,6.3,0.2161,1,1,0.8052551927667212
P01414,18-24,Woman,North,No degree,73.8,3.7,6.6,0.1374,1,1,0.873838109125281
P01451,35-44,Woman,Midlands,No degree,62.9,5.6,6.3,0.1425,1,1,1.2417579240060994
P01534,45-54,Woman,South,No degree,75.0,4.2,5.7,0.1508,1,1,1.252310521327989
P01539,55-64,Man,North,No degree,66.8,7.8,6.7,0.2061,1,1,1.2511423903002707
P01545,55-64,Woman,North,No degree,28.9,7.2,7.3,0.0867,1,1,1.2511423903002707
P01551,45-54,Woman,Midlands,No degree,68.9,7.9,5.1,0.2171,1,1,1.4136250116619258
P01615,25-34,Woman,North,No degree,88.2,4.3,6.4,0.1986,1,1,0.8623869631624932
P01692,45-54,Woman,Midlands,No degree,68.4,4.6,5.9,0.1391,1,1,1.4136250116619258
P01706,35-44,Woman,London,Degree,50.4,5.8,5.3,0.2039,1,1,0.7073530874284455
P01777,45-54,Man,North,Degree,52.4,7.9,8.0,0.2445,1,1,0.7895248043822556
P01831,55-64,Woman,Midlands,Degree,42.5,5.8,4.3,0.1542,1,1,1.005378221891577
P01966,65-74,Woman,London,Degree,43.0,8.8,6.8,0.2042,1,1,1.5509451779201586
P01979,18-24,Man,London,Degree,81.8,4.6,7.0,0.3099,1,1,0.5970708691316284
P02044,18-24,Man,London,Degree,100.0,7.7,7.5,0.533,1,1,0.5970708691316284
P02066,35-44,Woman,South,No degree,81.1,5.3,4.5,0.1969,1,1,1.1000558849386992
P02090,55-64,Woman,London,No degree,43.6,5.9,8.4,0.1131,1,1,1.2760699867664655
P02117,45-54,Man,South,Degree,69.6,3.0,7.4,0.1825,1,1,0.838955983293333
P02158,35-44,Woman,South,Degree,61.2,6.8,7.1,0.251,1,1,0.7369565702024881
P02360,25-34,Man,London,Degree,89.0,5.9,6.9,0.3965,1,1,0.5892465987076719
P02548,55-64,Woman,North,No degree,67.2,7.0,6.4,0.1874,1,1,1.2511423903002707
P02551,25-34,Man,Midlands,No degree,80.9,5.9,8.8,0.2118,1,1,1.0344220533467472
P02577,25-34,Woman,North,Degree,80.3,5.1,7.3,0.2877,1,1,0.577735865296503
P02588,45-54,Woman,North,No degree,72.1,6.5,9.6,0.1932,1,1,1.178524546062652
P02711,35-44,Man,Scotland/Wales,No degree,65.2,7.9,6.8,0.2024,1,1,1.3048178847091474
P02746,25-34,Man,Midlands,Degree,80.4,8.0,7.4,0.3916,1,1,0.6929867282321883
P02760,25-34,Woman,Midlands,No degree,96.8,8.8,10.0,0.3849,1,1,1.0344220533467472
P02767,55-64,Man,North,No degree,57.6,6.7,7.1,0.1486,1,1,1.2511423903002707
P02843,45-54,Man,South,No degree,69.5,2.7,7.6,0.1091,1,1,1.252310521327989
P02907,65-74,Woman,Midlands,Degree,43.8,5.1,6.2,0.1108,1,1,1.8239976724033413
P02969,45-54,Man,Midlands,No degree,69.5,6.3,7.4,0.1789,1,1,1.4136250116619258
P02987,18-24,Man,London,No degree,100.0,6.4,6.6,0.3484,1,1,0.8912483447067236
P03024,35-44,Man,Scotland/Wales,No degree,94.3,6.0,4.4,0.2735,1,1,1.3048178847091474
P03048,65-74,Woman,North,Degree,18.5,8.9,7.1,0.1109,1,1,1.5206479873762824
P03181,55-64,Woman,Scotland/Wales,Degree,38.5,5.9,5.0,0.1441,1,1,1.056434156336229
P03232,55-64,Woman,London,Degree,50.3,6.5,10.0,0.2222,1,1,0.8548730784146957
P03239,35-44,Woman,South,Degree,68.2,4.5,5.6,0.2153,1,1,0.7369565702024881
P03282,35-44,Woman,North,No degree,65.9,3.6,4.5,0.1148,1,1,1.0352407333175977
P03325,35-44,Non-binary / other,Midlands,No degree,62.4,5.4,6.0,0.1372,1,1,1.2417579240060994
P03328,25-34,Man,South,No degree,77.2,7.4,5.8,0.2381,1,1,0.9163799524011521
P03365,25-34,Woman,Midlands,No degree,66.0,3.2,4.7,0.1087,1,1,1.0344220533467472
P03396,45-54,Man,South,Degree,75.1,6.5,8.3,0.3084,1,1,0.838955983293333
P03407,18-24,Man,South,Degree,100.0,5.6,7.7,0.4124,1,1,0.6220589231931138
P03487,35-44,Man,South,Degree,54.2,5.2,4.0,0.1799,1,1,0.7369565702024881
P03488,25-34,Man,Midlands,Degree,79.2,6.6,9.8,0.3333,1,1,0.6929867282321883
P03571,45-54,Man,London,Degree,85.0,7.2,8.5,0.4236,1,1,0.8052551927667212
P03577,25-34,Man,South,Degree,93.8,6.3,5.6,0.4035,1,1,0.6139071986888239
P03585,18-24,Man,North,Degree,99.6,6.3,7.2,0.4374,1,1,0.5854072912387358
P03613,35-44,Woman,Midlands,No degree,69.3,4.3,3.6,0.136,1,1,1.2417579240060994
P03624,25-34,Man,Midlands,Degree,87.2,3.4,7.2,0.2664,1,1,0.6929867282321883
P03697,35-44,Man,South,Degree,80.0,6.7,7.1,0.3412,1,1,0.7369565702024881
P03722,45-54,Man,North,Degree,54.0,7.8,7.2,0.2486,1,1,0.7895248043822556
P03791,65-74,Man,North,Degree,25.1,7.5,4.7,0.1046,1,1,1.5206479873762824
P03803,65-74,Woman,Midlands,No degree,57.2,6.4,5.3,0.1088,1,1,2.7226833368084034
P03865,25-34,Woman,North,No degree,72.8,8.4,7.7,0.2481,1,1,0.8623869631624932
P03877,45-54,Man,South,No degree,61.1,7.7,5.6,0.1822,1,1,1.252310521327989
P03908,25-34,Man,Scotland/Wales,Degree,74.9,6.8,9.1,0.3177,1,1,0.7281785438068972
P03930,45-54,Man,Midlands,Degree,56.8,7.6,7.5,0.2553,1,1,0.94702483247465
P04046,25-34,Woman,South,Degree,87.7,7.9,7.0,0.4302,1,1,0.6139071986888239
P04116,45-54,Woman,London,No degree,37.1,5.6,4.7,0.0942,1,1,1.202005314149092
P04143,55-64,Man,Midlands,Degree,64.0,5.7,8.1,0.2311,1,1,1.005378221891577
P04165,35-44,Woman,North,No degree,59.8,6.2,8.5,0.1452,1,1,1.0352407333175977
P04167,18-24,Woman,London,Degree,83.1,6.4,7.1,0.3819,1,1,0.5970708691316284
P04196,18-24,Non-binary / other,Midlands,Degree,63.4,7.7,5.8,0.2898,1,1,0.7021885048292753
P04346,65-74,Man,North,Degree,60.2,8.9,7.8,0.2533,1,1,1.5206479873762824
P04351,65-74,Man,London,Degree,63.6,7.9,7.0,0.2671,1,1,1.5509451779201586
P04380,25-34,Woman,London,No degree,69.4,8.2,6.5,0.2549,1,1,0.8795690476175343
P04394,18-24,Man,Scotland/Wales,Degree,97.4,7.6,10.0,0.4759,1,1,0.7378476125060859
P04406,18-24,Woman,Midlands,Degree,97.5,7.6,7.1,0.4765,1,1,0.7021885048292753
P04440,55-64,Man,London,No degree,60.0,6.8,8.3,0.1792,1,1,1.2760699867664655
P04469,55-64,Woman,London,Degree,62.7,8.1,6.8,0.332,1,1,0.8548730784146957
P04482,18-24,Man,South,Degree,96.5,7.1,7.4,0.4507,1,1,0.6220589231931138
P04496,35-44,Woman,Midlands,Degree,60.1,7.6,5.1,0.2706,1,1,0.8318865188819854
P04627,45-54,Man,Scotland/Wales,No degree,60.2,5.0,4.4,0.124,1,1,1.4854128665738215
P04635,35-44,Woman,North,No degree,82.1,3.4,8.7,0.1564,1,1,1.0352407333175977
P04646,35-44,Woman,Scotland/Wales,No degree,63.6,5.1,7.1,0.135,1,1,1.3048178847091474
P04756,45-54,Woman,Midlands,Degree,70.5,5.8,6.7,0.2631,1,1,0.94702483247465
P04861,25-34,Man,North,Degree,85.0,9.2,6.9,0.4656,1,1,0.577735865296503
P04902,35-44,Non-binary / other,South,Degree,68.7,6.3,6.0,0.2703,1,1,0.7369565702024881
P04914,55-64,Man,Midlands,No degree,52.7,7.2,6.5,0.1439,1,1,1.5007291803873264
P04964,35-44,Man,South,No degree,65.7,6.2,5.1,0.1637,1,1,1.1000558849386992
P05094,45-54,Woman,Midlands,No degree,60.8,4.5,5.5,0.117,1,1,1.4136250116619258
P05135,25-34,Woman,North,No degree,99.5,5.0,6.3,0.2666,1,1,0.8623869631624932
P05169,18-24,Woman,Midlands,Degree,95.9,7.6,4.2,0.4669,1,1,0.7021885048292753
P05176,18-24,Man,Midlands,Degree,100.0,4.9,7.5,0.3856,1,1,0.7021885048292753
P05190,25-34,Woman,Midlands,No degree,77.9,5.0,3.6,0.1779,1,1,1.0344220533467472
P05197,35-44,Man,London,No degree,94.8,7.5,7.3,0.3601,1,1,1.055866733559916
P05225,55-64,Woman,London,No degree,65.7,5.3,5.7,0.1645,1,1,1.2760699867664655
P05245,35-44,Man,Scotland/Wales,Degree,79.4,7.1,7.9,0.3524,1,1,0.8741320565797465
P05277,25-34,Woman,Midlands,No degree,59.5,7.5,8.2,0.1719,1,1,1.0344220533467472
P05286,18-24,Woman,North,Degree,94.5,5.2,5.9,0.3659,1,1,0.5854072912387358
P05291,35-44,Woman,North,Degree,52.5,5.6,6.8,0.1833,1,1,0.6935351836258383
P05297,55-64,Man,Midlands,No degree,52.6,7.5,5.6,0.1496,1,1,1.5007291803873264
P05332,65-74,Man,South,No degree,45.7,6.6,5.7,0.0873,1,1,2.411986885348764
P05352,55-64,Woman,South,Degree,39.8,7.5,8.0,0.1832,1,1,0.89065043049051
P05366,35-44,Man,London,No degree,80.3,3.8,3.2,0.1802,1,1,1.055866733559916
P05414,35-44,Man,London,Degree,100.0,3.4,6.9,0.3645,1,1,0.7073530874284455
P05416,45-54,Man,North,Degree,74.1,4.3,5.5,0.2344,1,1,0.7895248043822556
P05432,55-64,Woman,Scotland/Wales,Degree,44.0,9.0,9.4,0.2398,1,1,1.056434156336229
P05434,25-34,Man,Scotland/Wales,No degree,75.3,5.6,5.0,0.1829,1,1,1.0869529152590018
P05481,25-34,Man,London,No degree,92.1,5.0,5.6,0.2612,1,1,0.8795690476175343
P05502,25-34,Man,Scotland/Wales,No degree,72.7,3.8,5.9,0.1362,1,1,1.0869529152590018
P05549,25-34,Woman,Scotland/Wales,Degree,85.0,6.7,8.8,0.3687,1,1,0.7281785438068972
P05555,45-54,Woman,North,Degree,93.4,7.3,9.4,0.4402,1,1,0.7895248043822556
P05618,25-34,Woman,South,Degree,70.0,7.8,8.0,0.327,1,1,0.6139071986888239
P05687,18-24,Woman,North,Degree,99.8,5.2,8.6,0.3958,1,1,0.5854072912387358
P05698,45-54,Woman,Scotland/Wales,No degree,50.2,6.1,3.3,0.1172,1,1,1.4854128665738215
P05722,25-34,Man,Midlands,Degree,75.6,6.9,7.2,0.3248,1,1,0.6929867282321883
P05762,25-34,Woman,South,Degree,52.1,4.0,5.2,0.1468,1,1,0.6139071986888239
P05798,65-74,Woman,North,Degree,50.5,5.3,8.0,0.1312,1,1,1.5206479873762824
P05845,25-34,Man,South,Degree,50.9,6.6,8.7,0.2022,1,1,0.6139071986888239
P05866,55-64,Man,Midlands,Degree,62.5,5.8,6.9,0.2276,1,1,1.005378221891577
P05894,25-34,Non-binary / other,North,No degree,82.7,7.7,5.1,0.2723,1,1,0.8623869631624932
P05912,45-54,Woman,South,No degree,57.7,7.7,6.2,0.1703,1,1,1.252310521327989
P05962,45-54,Man,North,Degree,61.2,7.4,4.8,0.2695,1,1,0.7895248043822556
P05993,45-54,Woman,Scotland/Wales,Degree,58.1,8.2,5.7,0.2802,1,1,0.9951174176445505
P06018,18-24,Man,North,Degree,67.6,5.1,6.5,0.2294,1,1,0.5854072912387358
P06042,35-44,Woman,North,Degree,77.1,7.1,8.0,0.3399,1,1,0.6935351836258383
P06077,45-54,Woman,London,Degree,54.3,7.3,8.1,0.2633,1,1,0.8052551927667212
P06112,35-44,Woman,London,No degree,86.7,6.7,4.3,0.2896,1,1,1.055866733559916
P06119,25-34,Man,South,No degree,82.4,4.1,5.4,0.1727,1,1,0.9163799524011521
P06184,65-74,Woman,South,No degree,45.3,3.9,5.4,0.0579,1,1,2.411986885348764
P06309,55-64,Man,Scotland/Wales,Degree,36.2,5.9,5.8,0.1374,1,1,1.056434156336229
P06329,55-64,Man,North,Degree,79.1,4.9,8.3,0.2754,1,1,0.8381734213821421
P06332,45-54,Man,North,Degree,66.2,7.1,5.6,0.2839,1,1,0.7895248043822556
P06386,25-34,Man,London,No degree,82.0,5.6,5.1,0.234,1,1,0.8795690476175343
P06411,25-34,Man,South,Degree,69.9,7.9,3.9,0.33,1,1,0.6139071986888239
P06534,25-34,Man,North,No degree,78.5,7.6,10.0,0.2497,1,1,0.8623869631624932
P06600,25-34,Man,South,Degree,61.0,8.3,8.3,0.2978,1,1,0.6139071986888239
P06728,35-44,Man,Scotland/Wales,Degree,80.0,5.5,7.6,0.2994,1,1,0.8741320565797465
P06746,25-34,Woman,Midlands,Degree,87.7,5.2,4.7,0.3289,1,1,0.6929867282321883
P06755,45-54,Man,North,No degree,41.1,10.0,7.3,0.1661,1,1,1.178524546062652
P06809,18-24,Man,Scotland/Wales,Degree,87.0,6.0,8.0,0.3539,1,1,0.7378476125060859
P06837,45-54,Woman,South,Degree,47.0,4.9,7.4,0.1496,1,1,0.838955983293333
P06857,45-54,Man,North,No degree,72.1,5.2,7.0,0.1628,1,1,1.178524546062652
P06875,18-24,Woman,London,Degree,78.1,5.3,7.0,0.3148,1,1,0.5970708691316284
P06901,45-54,Woman,Scotland/Wales,No degree,82.2,7.2,7.4,0.2544,1,1,1.4854128665738215
P06921,18-24,Woman,Midlands,No degree,82.1,4.3,6.0,0.1763,1,1,1.0481575554194622
P06924,25-34,Man,Scotland/Wales,Degree,77.7,6.7,7.5,0.3289,1,1,0.7281785438068972
P06934,45-54,Woman,Midlands,No degree,53.5,6.8,5.7,0.1385,1,1,1.4136250116619258
P07008,45-54,Woman,North,No degree,76.9,5.2,5.3,0.1791,1,1,1.178524546062652
P07060,35-44,Man,Midlands,Degree,81.6,5.9,7.0,0.3213,1,1,0.8318865188819854
P07078,55-64,Woman,South,Degree,36.3,7.4,6.9,0.1687,1,1,0.89065043049051
P07179,18-24,Man,South,Degree,68.7,4.3,5.3,0.212,1,1,0.6220589231931138
P07246,35-44,Man,Scotland/Wales,No degree,74.6,6.9,6.5,0.2132,1,1,1.3048178847091474
P07257,25-34,Woman,Midlands,No degree,87.8,7.0,7.0,0.2743,1,1,1.0344220533467472
P07313,18-24,Woman,Midlands,No degree,79.8,6.0,8.5,0.21,1,1,1.0481575554194622
P07323,45-54,Woman,Scotland/Wales,No degree,48.5,5.0,6.5,0.0966,1,1,1.4854128665738215
P07342,25-34,Woman,North,Degree,61.1,7.0,6.6,0.2566,1,1,0.577735865296503
P07357,45-54,Woman,North,No degree,56.6,5.3,3.9,0.1199,1,1,1.178524546062652
P07367,25-34,Man,North,Degree,92.1,8.2,5.4,0.4681,1,1,0.577735865296503
P07385,25-34,Man,North,Degree,100.0,6.8,6.4,0.4596,1,1,0.577735865296503
P07408,55-64,Woman,South,No degree,42.3,8.4,6.0,0.137,1,1,1.3294748796595566
P07481,25-34,Man,South,No degree,78.8,5.1,9.5,0.1835,1,1,0.9163799524011521
P07498,18-24,Woman,South,Degree,95.3,4.2,10.0,0.3339,1,1,0.6220589231931138
P07563,35-44,Man,Midlands,Degree,75.8,6.7,7.0,0.3189,1,1,0.8318865188819854
P07645,55-64,Man,Scotland/Wales,Degree,43.3,7.9,7.6,0.2064,1,1,1.056434156336229
P07649,35-44,Woman,Midlands,No degree,66.0,6.0,5.7,0.1603,1,1,1.2417579240060994
P07657,25-34,Man,South,Degree,83.6,6.6,8.1,0.3572,1,1,0.6139071986888239
P07670,55-64,Woman,North,Degree,54.5,4.5,7.8,0.1649,1,1,0.8381734213821421
P07745,45-54,Man,South,No degree,56.4,6.2,5.7,0.1354,1,1,1.252310521327989
P07763,55-64,Man,North,No degree,48.4,8.4,8.0,0.1552,1,1,1.2511423903002707
P07786,18-24,Woman,Midlands,Degree,77.3,7.3,8.0,0.3482,1,1,0.7021885048292753
P07837,65-74,Man,South,Degree,55.8,5.9,9.3,0.1589,1,1,1.615853891367582
P07889,25-34,Woman,North,No degree,68.2,5.0,8.6,0.1464,1,1,0.8623869631624932
P07897,55-64,Woman,Midlands,Degree,53.7,5.7,7.6,0.1901,1,1,1.005378221891577
P07971,65-74,Woman,South,Degree,65.9,7.2,4.6,0.2286,1,1,1.615853891367582
P08080,45-54,Non-binary / other,London,No degree,71.0,4.5,4.5,0.1644,1,1,1.202005314149092
P08144,18-24,Woman,London,Degree,60.3,3.2,4.2,0.1764,1,1,0.5970708691316284
P08159,18-24,Man,Scotland/Wales,No degree,82.1,3.6,6.1,0.1606,1,1,1.1013859447677783
P08169,35-44,Woman,Midlands,Degree,97.9,5.3,6.3,0.3888,1,1,0.8318865188819854
P08237,45-54,Woman,London,Degree,81.5,6.2,8.6,0.3654,1,1,0.8052551927667212
P08271,65-74,Man,North,No degree,40.3,6.7,7.5,0.0787,1,1,2.2698729274831586
P08302,45-54,Man,North,Degree,78.9,6.2,4.8,0.3177,1,1,0.7895248043822556
P08321,25-34,Woman,South,Degree,71.9,5.0,6.1,0.2452,1,1,0.6139071986888239
P08402,55-64,Man,London,Degree,66.8,6.7,6.9,0.3047,1,1,0.8548730784146957
P08422,45-54,Man,North,Degree,51.3,6.1,5.7,0.1911,1,1,0.7895248043822556
P08529,55-64,Man,Scotland/Wales,Degree,31.8,8.8,8.0,0.1856,1,1,1.056434156336229
P08556,35-44,Woman,North,Degree,70.5,5.7,6.9,0.26,1,1,0.6935351836258383
P08560,18-24,Woman,Midlands,No degree,78.0,3.9,6.1,0.1539,1,1,1.0481575554194622
P08575,35-44,Woman,North,No degree,81.2,6.5,9.5,0.2295,1,1,1.0352407333175977
P08624,25-34,Woman,North,Degree,79.9,5.5,6.4,0.2989,1,1,0.577735865296503
P08636,35-44,Woman,South,Degree,58.3,7.1,8.5,0.247,1,1,0.7369565702024881
P08648,25-34,Woman,Scotland/Wales,Degree,77.4,3.5,4.9,0.2258,1,1,0.7281785438068972
P08693,45-54,Man,London,Degree,54.8,8.5,8.5,0.3047,1,1,0.8052551927667212
P08839,18-24,Woman,North,No degree,83.0,4.1,4.9,0.1748,1,1,0.873838109125281
P08848,45-54,Woman,North,No degree,80.1,5.4,6.2,0.1957,1,1,1.178524546062652
P08945,45-54,Woman,London,No degree,88.2,7.8,7.4,0.3351,1,1,1.202005314149092
P09004,45-54,Man,North,Degree,64.9,6.5,5.2,0.2588,1,1,0.7895248043822556
P09028,18-24,Woman,South,Degree,64.6,5.1,6.1,0.2169,1,1,0.6220589231931138
P09063,55-64,Man,Midlands,No degree,56.7,6.5,8.7,0.1419,1,1,1.5007291803873264
P09108,25-34,Man,South,No degree,91.9,5.8,6.4,0.2561,1,1,0.9163799524011521
P09123,45-54,Man,London,No degree,78.0,7.2,6.6,0.2639,1,1,1.202005314149092
P09194,25-34,Man,North,No degree,81.0,3.7,3.1,0.1592,1,1,0.8623869631624932
P09201,35-44,Man,North,No degree,88.1,5.2,8.0,0.2221,1,1,1.0352407333175977
P09273,65-74,Woman,South,Degree,55.6,6.4,4.6,0.1692,1,1,1.615853891367582
P09279,25-34,Man,London,Degree,91.9,5.7,9.5,0.4055,1,1,0.5892465987076719
P09313,18-24,Man,South,No degree,64.3,6.8,8.2,0.1724,1,1,0.9285480405571193
P09323,18-24,Woman,South,No degree,86.1,5.8,5.6,0.2305,1,1,0.9285480405571193
P09327,45-54,Man,Scotland/Wales,No degree,59.1,7.3,8.0,0.1661,1,1,1.4854128665738215
P09393,18-24,Woman,South,No degree,81.9,3.6,9.4,0.16,1,1,0.9285480405571193
P09395,55-64,Man,North,No degree,66.7,6.9,6.7,0.1831,1,1,1.2511423903002707
P09397,18-24,Man,Midlands,Degree,84.3,7.9,7.5,0.4103,1,1,0.7021885048292753
P09406,18-24,Man,North,No degree,85.4,6.6,8.5,0.2508,1,1,0.873838109125281
P09433,35-44,Man,North,No degree,85.2,7.1,3.7,0.2652,1,1,1.0352407333175977
P09453,55-64,Woman,North,No degree,86.5,7.3,6.5,0.2777,1,1,1.2511423903002707
P09482,18-24,Man,London,No degree,84.8,4.7,6.5,0.2205,1,1,0.8912483447067236
P09538,65-74,Man,South,Degree,40.9,7.0,6.7,0.1361,1,1,1.615853891367582
P09589,55-64,Woman,North,Degree,63.3,3.6,6.1,0.1744,1,1,0.8381734213821421
P09661,18-24,Man,Midlands,No degree,70.9,6.1,7.9,0.1791,1,1,1.0481575554194622
P09751,45-54,Man,Midlands,Degree,57.8,6.3,5.3,0.2219,1,1,0.94702483247465
P09778,25-34,Man,North,No degree,57.3,5.3,7.6,0.1217,1,1,0.8623869631624932
P09873,18-24,Man,Midlands,No degree,81.0,4.3,8.1,0.1725,1,1,1.0481575554194622
P10000,35-44,Man,Midlands,Degree,82.9,7.7,5.9,0.3945,1,1,0.8318865188819854
P10024,25-34,Man,Midlands,Degree,87.5,5.5,7.3,0.3385,1,1,0.6929867282321883
P10079,25-34,Man,North,No degree,84.1,5.8,6.6,0.2221,1,1,0.8623869631624932
P10238,45-54,Woman,Midlands,No degree,56.8,5.9,4.5,0.1309,1,1,1.4136250116619258
P10261,18-24,Man,South,No degree,73.1,6.6,6.2,0.1995,1,1,0.9285480405571193
P10313,55-64,Woman,South,No degree,38.3,6.8,4.5,0.1004,1,1,1.3294748796595566
P10337,25-34,Man,South,Degree,69.9,6.9,5.4,0.2956,1,1,0.6139071986888239
P10345,45-54,Man,Midlands,No degree,76.5,3.2,2.5,0.1356,1,1,1.4136250116619258
P10361,45-54,Woman,South,No degree,78.1,4.7,6.3,0.1717,1,1,1.252310521327989
P10408,25-34,Man,North,No degree,80.4,6.9,6.8,0.2375,1,1,0.8623869631624932
P10494,55-64,Woman,South,No degree,48.4,6.8,7.3,0.1245,1,1,1.3294748796595566
P10514,18-24,Woman,North,Degree,80.3,8.0,7.2,0.3911,1,1,0.5854072912387358
P10516,55-64,Woman,North,No degree,48.6,9.2,4.7,0.1734,1,1,1.2511423903002707
P10578,35-44,Man,Midlands,No degree,67.3,9.1,6.7,0.2444,1,1,1.2417579240060994
P10658,35-44,Man,Midlands,Degree,75.3,9.2,6.4,0.4083,1,1,0.8318865188819854
P10687,45-54,Woman,Midlands,Degree,66.4,7.9,6.1,0.3117,1,1,0.94702483247465
P10773,55-64,Woman,South,No degree,49.7,8.3,5.8,0.1572,1,1,1.3294748796595566
P10844,45-54,Woman,North,No degree,55.0,4.5,5.3,0.1034,1,1,1.178524546062652
P10885,18-24,Man,South,No degree,71.9,7.2,4.5,0.2104,1,1,0.9285480405571193
P10906,25-34,Man,Scotland/Wales,No degree,91.6,6.7,5.8,0.283,1,1,1.0869529152590018
P10912,25-34,Man,North,Degree,96.8,6.8,9.8,0.4406,1,1,0.577735865296503
P10941,55-64,Woman,South,No degree,38.1,7.0,6.1,0.1029,1,1,1.3294748796595566
P10943,65-74,Woman,South,Degree,41.7,9.1,7.4,0.1834,1,1,1.615853891367582
P10953,18-24,Woman,North,Degree,63.5,5.0,7.7,0.2098,1,1,0.5854072912387358
P10959,18-24,Man,South,Degree,89.7,4.6,6.5,0.3184,1,1,0.6220589231931138
P11032,35-44,Man,Midlands,No degree,74.2,5.7,6.8,0.1814,1,1,1.2417579240060994
P11087,65-74,Woman,Midlands,No degree,60.4,8.6,7.0,0.1578,1,1,2.7226833368084034
P11120,45-54,Man,North,No degree,77.5,4.0,7.5,0.1545,1,1,1.178524546062652
P11150,25-34,Man,North,Degree,71.9,6.5,8.2,0.2923,1,1,0.577735865296503
P11163,35-44,Man,North,Degree,77.8,3.6,8.9,0.2303,1,1,0.6935351836258383
P11176,35-44,Woman,North,Degree,77.2,5.9,10.0,0.2988,1,1,0.6935351836258383
P11190,55-64,Man,North,Degree,62.1,4.2,7.5,0.1843,1,1,0.8381734213821421
P11191,45-54,Woman,South,Degree,63.8,4.6,8.6,0.2006,1,1,0.838955983293333
P11196,25-34,Man,Midlands,No degree,66.0,7.7,7.9,0.2004,1,1,1.0344220533467472
P11366,25-34,Woman,North,No degree,44.3,4.7,6.5,0.0843,1,1,0.8623869631624932
P11367,25-34,Man,London,No degree,81.3,6.0,8.4,0.2425,1,1,0.8795690476175343
P11369,25-34,Woman,London,Degree,66.6,5.5,7.3,0.2647,1,1,0.5892465987076719
P11389,55-64,Man,North,Degree,70.2,8.7,7.1,0.3605,1,1,0.8381734213821421
P11430,25-34,Man,Midlands,No degree,94.0,7.0,6.4,0.3049,1,1,1.0344220533467472
P11514,45-54,Woman,Midlands,No degree,59.7,5.1,4.6,0.1244,1,1,1.4136250116619258
P11567,55-64,Man,Midlands,No degree,59.1,7.2,6.5,0.1639,1,1,1.5007291803873264
P11617,25-34,Woman,Midlands,Degree,65.9,5.7,7.0,0.2393,1,1,0.6929867282321883
P11640,55-64,Woman,Scotland/Wales,Degree,62.0,7.4,9.9,0.2733,1,1,1.056434156336229
P11674,35-44,Man,South,No degree,68.0,8.6,9.1,0.2329,1,1,1.1000558849386992
P11797,18-24,Woman,London,Degree,100.0,5.6,8.7,0.4492,1,1,0.5970708691316284
P11848,25-34,Woman,Midlands,No degree,66.5,3.6,5.7,0.1163,1,1,1.0344220533467472
P11849,45-54,Woman,South,No degree,59.8,7.1,9.1,0.164,1,1,1.252310521327989
P11929,25-34,Woman,South,No degree,88.2,6.5,5.6,0.2605,1,1,0.9163799524011521
P11943,55-64,Woman,Midlands,No degree,44.1,6.3,6.3,0.1059,1,1,1.5007291803873264
P11973,55-64,Woman,Scotland/Wales,No degree,53.3,7.9,10.0,0.1602,1,1,1.5769404300291507
P12067,35-44,Woman,North,Degree,71.3,8.3,8.0,0.3519,1,1,0.6935351836258383
P12072,18-24,Man,North,No degree,73.0,4.9,6.8,0.1592,1,1,0.873838109125281
P12156,55-64,Man,South,Degree,85.5,4.8,3.6,0.3036,1,1,0.89065043049051
P12183,25-34,Man,North,No degree,67.9,6.2,2.8,0.171,1,1,0.8623869631624932
P12196,25-34,Woman,Scotland/Wales,No degree,63.5,7.3,6.2,0.1812,1,1,1.0869529152590018
P12221,35-44,Man,South,No degree,79.7,5.2,5.9,0.1892,1,1,1.1000558849386992
P12241,18-24,Man,South,Degree,66.1,2.8,5.4,0.1658,1,1,0.6220589231931138
P12285,55-64,Woman,North,No degree,46.8,5.1,8.1,0.0944,1,1,1.2511423903002707
P12366,45-54,Woman,South,No degree,63.8,7.1,6.5,0.1776,1,1,1.252310521327989
P12380,25-34,Man,South,No degree,73.8,4.9,6.7,0.1618,1,1,0.9163799524011521
P12417,25-34,Woman,South,Degree,64.9,7.1,5.0,0.2776,1,1,0.6139071986888239
P12418,45-54,Woman,South,No degree,88.4,6.0,6.7,0.2463,1,1,1.252310521327989
P12517,35-44,Man,London,Degree,63.8,6.6,6.2,0.2864,1,1,0.7073530874284455
P12584,65-74,Woman,South,No degree,45.9,6.9,6.9,0.0916,1,1,2.411986885348764
P12616,18-24,Woman,London,No degree,88.4,4.7,4.8,0.2357,1,1,0.8912483447067236
P12742,25-34,Man,North,No degree,84.5,4.3,7.7,0.1848,1,1,0.8623869631624932
P12753,18-24,Woman,Midlands,No degree,71.0,6.8,4.8,0.1965,1,1,1.0481575554194622
P12816,25-34,Man,London,No degree,100.0,7.3,6.4,0.3818,1,1,0.8795690476175343
P12926,55-64,Man,North,No degree,51.0,7.7,6.0,0.1488,1,1,1.2511423903002707
P12928,25-34,Man,Midlands,Degree,76.8,5.6,5.4,0.2868,1,1,0.6929867282321883
P12960,25-34,Woman,Scotland/Wales,No degree,58.5,4.0,6.2,0.1038,1,1,1.0869529152590018
P12988,65-74,Woman,South,Degree,16.5,6.7,5.7,0.0771,1,1,1.615853891367582
P13032,18-24,Woman,North,Degree,51.5,7.4,6.0,0.2262,1,1,0.5854072912387358
P13108,18-24,Woman,North,Degree,80.6,4.9,5.9,0.2826,1,1,0.5854072912387358
P13135,25-34,Man,South,Degree,80.8,6.5,6.4,0.3383,1,1,0.6139071986888239
P13142,45-54,Woman,South,Degree,91.6,6.8,6.9,0.4101,1,1,0.838955983293333
P13151,18-24,Woman,North,Degree,82.5,5.1,7.3,0.2986,1,1,0.5854072912387358
P13172,18-24,Man,North,Degree,84.3,5.4,8.5,0.318,1,1,0.5854072912387358
P13183,45-54,Woman,Scotland/Wales,Degree,51.8,9.8,8.7,0.3018,1,1,0.9951174176445505
P13356,18-24,Man,London,Degree,69.9,8.1,4.5,0.3714,1,1,0.5970708691316284
P13428,25-34,Woman,Scotland/Wales,No degree,71.7,3.4,7.8,0.1262,1,1,1.0869529152590018
P13484,45-54,Woman,Midlands,Degree,49.8,7.1,9.0,0.211,1,1,0.94702483247465
P13565,25-34,Man,South,No degree,67.0,6.6,5.2,0.1771,1,1,0.9163799524011521
P13582,25-34,Woman,London,Degree,71.2,4.4,7.0,0.2521,1,1,0.5892465987076719
P13681,25-34,Woman,Midlands,Degree,77.1,7.7,7.4,0.3618,1,1,0.6929867282321883
P13717,25-34,Man,South,No degree,77.7,7.4,6.8,0.2403,1,1,0.9163799524011521
P13719,55-64,Woman,Midlands,Degree,40.4,4.5,5.4,0.1234,1,1,1.005378221891577
P13738,45-54,Man,South,Degree,50.2,6.1,10.0,0.1871,1,1,0.838955983293333
P13764,35-44,Non-binary / other,North,Degree,53.1,6.1,5.5,0.1979,1,1,0.6935351836258383
P13827,35-44,Woman,North,No degree,70.8,6.8,5.6,0.1958,1,1,1.0352407333175977
P13836,18-24,Woman,Midlands,No degree,71.4,6.7,7.5,0.1955,1,1,1.0481575554194622
P13838,35-44,Woman,North,Degree,70.1,7.3,8.0,0.3101,1,1,0.6935351836258383
P13924,25-34,Man,North,No degree,81.2,8.7,9.8,0.2975,1,1,0.8623869631624932
P13932,25-34,Woman,North,No degree,47.0,6.0,6.6,0.1079,1,1,0.8623869631624932
P13937,25-34,Woman,Scotland/Wales,Degree,69.8,3.1,8.5,0.1856,1,1,0.7281785438068972
P13950,35-44,Woman,London,No degree,69.8,4.9,9.6,0.1693,1,1,1.055866733559916
P14123,25-34,Woman,London,Degree,93.4,5.0,9.7,0.3874,1,1,0.5892465987076719
P14158,18-24,Man,London,Degree,92.7,7.8,9.8,0.4932,1,1,0.5970708691316284
P14159,65-74,Woman,South,Degree,51.1,8.4,4.9,0.2011,1,1,1.615853891367582
P14190,18-24,Man,North,No degree,94.0,6.4,7.3,0.285,1,1,0.873838109125281
P14199,55-64,Woman,North,Degree,61.8,8.1,7.3,0.2951,1,1,0.8381734213821421
P14271,18-24,Woman,London,Degree,100.0,5.3,8.4,0.4373,1,1,0.5970708691316284
P14305,55-64,Man,Midlands,Degree,75.5,7.7,7.5,0.353,1,1,1.005378221891577
P14313,45-54,Man,North,Degree,48.3,6.2,3.4,0.1826,1,1,0.7895248043822556
P14327,35-44,Man,South,Degree,75.3,4.3,8.4,0.2396,1,1,0.7369565702024881
P14383,35-44,Woman,Scotland/Wales,No degree,66.3,4.8,7.0,0.137,1,1,1.3048178847091474
P14430,45-54,Man,South,Degree,59.7,7.3,6.4,0.2594,1,1,0.838955983293333
P14469,55-64,Man,South,No degree,37.8,6.1,6.0,0.0897,1,1,1.3294748796595566
P14480,45-54,Man,North,Degree,56.9,6.6,7.6,0.2265,1,1,0.7895248043822556
P14559,25-34,Man,London,Degree,93.7,5.1,8.7,0.3929,1,1,0.5892465987076719
P14593,65-74,Woman,North,Degree,49.5,4.9,5.6,0.1215,1,1,1.5206479873762824
P14615,18-24,Woman,Midlands,Degree,59.3,5.8,6.3,0.2144,1,1,0.7021885048292753
P14657,55-64,Woman,North,No degree,90.0,4.1,5.6,0.2004,1,1,1.2511423903002707
P14715,25-34,Man,London,Degree,81.4,5.6,7.5,0.3429,1,1,0.5892465987076719
P14739,45-54,Man,South,Degree,74.8,6.9,6.6,0.3206,1,1,0.838955983293333
P14805,25-34,Woman,North,Degree,55.2,5.0,5.0,0.1787,1,1,0.577735865296503
P14842,55-64,Man,South,No degree,69.9,6.6,5.9,0.1875,1,1,1.3294748796595566
P14843,25-34,Man,North,Degree,100.0,6.7,5.2,0.4556,1,1,0.577735865296503
P14856,55-64,Man,Scotland/Wales,No degree,71.4,8.2,4.6,0.2361,1,1,1.5769404300291507
P14900,35-44,Man,Midlands,Degree,71.9,5.7,7.5,0.2665,1,1,0.8318865188819854
P14938,18-24,Man,Scotland/Wales,No degree,54.4,6.0,6.8,0.1263,1,1,1.1013859447677783
P14941,55-64,Woman,North,Degree,61.9,7.4,7.6,0.2728,1,1,0.8381734213821421
P14952,55-64,Man,North,Degree,41.7,7.0,6.5,0.1781,1,1,0.8381734213821421
P15048,45-54,Woman,Midlands,Degree,93.5,9.3,9.0,0.5205,1,1,0.94702483247465
P15087,35-44,Woman,South,No degree,62.1,5.3,3.2,0.1345,1,1,1.1000558849386992
P15139,65-74,Woman,South,Degree,52.1,5.7,6.7,0.1434,1,1,1.615853891367582
P15238,25-34,Woman,Midlands,Degree,73.7,6.9,6.2,0.3149,1,1,0.6929867282321883
P15298,25-34,Woman,North,Degree,51.7,6.1,5.2,0.1926,1,1,0.577735865296503
P15331,35-44,Man,Scotland/Wales,Degree,73.2,6.3,9.4,0.2921,1,1,0.8741320565797465
P15382,35-44,Woman,Scotland/Wales,No degree,62.3,7.6,7.0,0.1841,1,1,1.3048178847091474
P15412,25-34,Man,Midlands,Degree,98.0,4.6,6.5,0.3631,1,1,0.6929867282321883
P15436,35-44,Man,Midlands,Degree,74.8,3.1,7.7,0.2044,1,1,0.8318865188819854
P15491,65-74,Woman,North,No degree,32.7,6.3,5.9,0.0625,1,1,2.2698729274831586
P15498,25-34,Woman,North,No degree,78.2,3.8,5.3,0.1525,1,1,0.8623869631624932
P15526,25-34,Man,North,No degree,62.7,7.9,7.5,0.1929,1,1,0.8623869631624932
P15566,45-54,Woman,North,Degree,80.9,7.8,5.0,0.3869,1,1,0.7895248043822556
P15592,18-24,Man,Midlands,No degree,77.7,6.5,6.6,0.215,1,1,1.0481575554194622
P15596,45-54,Man,Midlands,Degree,69.8,1.7,3.2,0.1541,1,1,0.94702483247465
P15600,25-34,Man,North,Degree,70.1,8.0,6.8,0.3346,1,1,0.577735865296503
P15601,18-24,Woman,Midlands,No degree,73.3,5.9,5.5,0.1829,1,1,1.0481575554194622
P15614,65-74,Man,Midlands,Degree,52.8,7.4,8.0,0.1826,1,1,1.8239976724033413
P15690,25-34,Man,London,Degree,88.0,5.5,7.7,0.3757,1,1,0.5892465987076719
P15710,55-64,Man,London,No degree,46.1,6.0,5.5,0.1209,1,1,1.2760699867664655
P15713,35-44,Woman,London,Degree,80.8,6.6,10.0,0.3764,1,1,0.7073530874284455
P15742,55-64,Woman,Scotland/Wales,Degree,45.6,5.3,10.0,0.1535,1,1,1.056434156336229
P15774,55-64,Woman,London,Degree,55.3,9.4,5.7,0.3388,1,1,0.8548730784146957
P15811,35-44,Woman,North,No degree,78.9,4.6,3.6,0.1722,1,1,1.0352407333175977
P15867,55-64,Man,North,Degree,62.2,7.8,7.0,0.2872,1,1,0.8381734213821421
P15876,45-54,Man,Midlands,Degree,53.4,5.6,5.8,0.1866,1,1,0.94702483247465
P15880,35-44,Non-binary / other,London,Degree,64.9,7.3,6.7,0.3155,1,1,0.7073530874284455
P15931,25-34,Woman,Midlands,Degree,100.0,5.7,7.5,0.4163,1,1,0.6929867282321883
P15968,45-54,Woman,Scotland/Wales,No degree,70.8,5.0,6.7,0.1544,1,1,1.4854128665738215
P15972,55-64,Man,North,No degree,74.3,5.9,4.1,0.1865,1,1,1.2511423903002707
P15990,35-44,Man,Scotland/Wales,Degree,81.6,9.2,7.9,0.4453,1,1,0.8741320565797465
P16016,35-44,Woman,North,Degree,60.2,6.2,6.9,0.2291,1,1,0.6935351836258383
P16017,55-64,Woman,South,No degree,54.2,8.9,8.3,0.1862,1,1,1.3294748796595566
P16034,18-24,Man,North,No degree,93.3,7.5,9.0,0.3185,1,1,0.873838109125281
P16059,18-24,Woman,South,Degree,82.1,6.7,6.3,0.3526,1,1,0.6220589231931138
P16085,35-44,Man,South,No degree,73.6,5.1,8.5,0.1655,1,1,1.1000558849386992
P16092,35-44,Woman,Scotland/Wales,Degree,85.2,6.0,7.3,0.3441,1,1,0.8741320565797465
P16097,25-34,Woman,Scotland/Wales,Degree,76.8,4.5,5.2,0.2522,1,1,0.7281785438068972
P16142,25-34,Man,London,No degree,99.0,5.5,8.0,0.3113,1,1,0.8795690476175343
P16151,65-74,Man,South,No degree,32.2,7.0,5.5,0.0687,1,1,2.411986885348764
P16159,55-64,Woman,London,Degree,53.6,7.7,5.8,0.2726,1,1,0.8548730784146957
P16229,25-34,Woman,Midlands,No degree,84.3,8.1,7.5,0.293,1,1,1.0344220533467472
P16267,35-44,Woman,North,No degree,83.7,4.4,6.9,0.1843,1,1,1.0352407333175977
P16339,35-44,Woman,North,Degree,74.1,6.8,8.5,0.3135,1,1,0.6935351836258383
P16381,35-44,Woman,South,Degree,63.5,7.9,7.2,0.2969,1,1,0.7369565702024881
P16390,55-64,Man,Scotland/Wales,Degree,59.3,6.9,7.9,0.2455,1,1,1.056434156336229
P16434,35-44,Man,London,Degree,74.5,5.4,7.2,0.2999,1,1,0.7073530874284455
P16450,55-64,Man,North,Degree,48.3,6.6,7.6,0.1924,1,1,0.8381734213821421
P16453,25-34,Man,South,Degree,87.9,5.3,5.9,0.3335,1,1,0.6139071986888239
P16535,18-24,Man,South,Degree,100.0,8.5,7.6,0.5275,1,1,0.6220589231931138
P16565,55-64,Man,South,Degree,55.0,4.6,7.1,0.1688,1,1,0.89065043049051
P16648,25-34,Man,Midlands,No degree,58.3,7.5,4.8,0.1679,1,1,1.0344220533467472
P16678,45-54,Woman,Scotland/Wales,No degree,54.8,4.8,6.5,0.1075,1,1,1.4854128665738215
P16917,35-44,Man,North,Degree,70.5,7.2,5.9,0.3087,1,1,0.6935351836258383
P16919,25-34,Man,Midlands,No degree,75.5,8.6,8.3,0.2666,1,1,1.0344220533467472
P16973,35-44,Man,Midlands,No degree,91.9,7.9,7.2,0.3251,1,1,1.2417579240060994
P17028,55-64,Woman,Scotland/Wales,No degree,73.3,7.0,3.7,0.2107,1,1,1.5769404300291507
P17030,35-44,Woman,North,Degree,60.4,6.6,3.3,0.2415,1,1,0.6935351836258383
P17130,65-74,Man,South,Degree,31.2,6.6,6.3,0.1048,1,1,1.615853891367582
P17208,25-34,Man,North,Degree,72.7,5.0,7.0,0.2488,1,1,0.577735865296503
P17281,65-74,Man,South,Degree,55.0,5.6,8.0,0.1501,1,1,1.615853891367582
P17379,45-54,Man,North,Degree,78.5,6.0,7.8,0.3087,1,1,0.7895248043822556
P17460,55-64,Woman,Scotland/Wales,Degree,33.1,8.0,7.3,0.1714,1,1,1.056434156336229
P17563,55-64,Man,Midlands,No degree,52.9,6.2,7.1,0.1258,1,1,1.5007291803873264
P17604,35-44,Woman,Midlands,No degree,84.6,5.5,6.1,0.2159,1,1,1.2417579240060994
P17649,45-54,Woman,North,Degree,66.4,5.2,8.1,0.2272,1,1,0.7895248043822556
P17652,18-24,Woman,Scotland/Wales,Degree,65.8,5.9,7.3,0.2448,1,1,0.7378476125060859
P17689,65-74,Non-binary / other,Midlands,Degree,35.7,3.8,4.0,0.0769,1,1,1.8239976724033413
P17705,25-34,Woman,Midlands,Degree,85.2,3.6,2.7,0.2632,1,1,0.6929867282321883
P17724,55-64,Man,Midlands,No degree,53.9,7.0,5.6,0.1435,1,1,1.5007291803873264
P17732,55-64,Woman,South,Degree,51.6,7.4,6.3,0.2266,1,1,0.89065043049051
P17764,65-74,Non-binary / other,North,No degree,45.8,7.6,7.2,0.1011,1,1,2.2698729274831586
P17901,25-34,Woman,South,No degree,67.6,8.5,5.0,0.2284,1,1,0.9163799524011521
P17933,65-74,Man,Scotland/Wales,Degree,44.3,6.5,10.0,0.1362,1,1,1.9166254054909067
P17943,18-24,Man,South,No degree,73.6,3.0,6.3,0.1242,1,1,0.9285480405571193
P18112,35-44,Woman,South,Degree,77.9,5.9,8.7,0.3023,1,1,0.7369565702024881
P18118,65-74,Man,North,Degree,71.5,8.1,8.9,0.2813,1,1,1.5206479873762824
P18140,55-64,Man,North,No degree,38.9,7.3,6.8,0.1093,1,1,1.2511423903002707
P18204,45-54,Woman,North,Degree,53.9,8.5,7.0,0.2696,1,1,0.7895248043822556
P18221,25-34,Man,South,No degree,92.4,5.2,5.5,0.2404,1,1,0.9163799524011521
P18241,25-34,Man,Midlands,Degree,58.0,6.7,4.3,0.234,1,1,0.6929867282321883
P18352,18-24,Man,Midlands,No degree,100.0,4.0,4.6,0.2387,1,1,1.0481575554194622
P18457,25-34,Man,South,Degree,68.4,6.4,5.7,0.272,1,1,0.6139071986888239
P18462,18-24,Woman,South,No degree,78.1,7.6,6.6,0.2479,1,1,0.9285480405571193
P18488,45-54,Man,London,No degree,55.5,7.2,7.1,0.1728,1,1,1.202005314149092
P18547,25-34,Man,London,Degree,77.6,4.9,10.0,0.2987,1,1,0.5892465987076719
P18581,25-34,Woman,North,No degree,79.1,5.7,5.1,0.1995,1,1,0.8623869631624932
P18590,25-34,Man,North,No degree,67.9,7.9,8.5,0.2131,1,1,0.8623869631624932
P18713,45-54,Man,South,Degree,75.5,6.8,7.1,0.3208,1,1,0.838955983293333
P18754,25-34,Woman,South,Degree,79.7,6.9,8.9,0.3468,1,1,0.6139071986888239
P18758,25-34,Man,South,Degree,61.3,8.3,8.2,0.2993,1,1,0.6139071986888239
P18770,35-44,Woman,North,Degree,62.1,10.0,8.4,0.3636,1,1,0.6935351836258383
P18817,55-64,Man,North,Degree,65.2,6.0,8.5,0.245,1,1,0.8381734213821421
P18834,18-24,Man,North,Degree,81.9,6.2,5.9,0.3335,1,1,0.5854072912387358
P18842,35-44,Man,Midlands,Degree,98.1,7.3,7.9,0.4681,1,1,0.8318865188819854
P18998,45-54,Man,South,No degree,78.8,6.0,5.4,0.2061,1,1,1.252310521327989
P19027,55-64,Man,London,Degree,57.0,9.0,9.6,0.3336,1,1,0.8548730784146957
P19199,25-34,Woman,North,No degree,64.9,5.3,5.3,0.1425,1,1,0.8623869631624932
P19227,25-34,Woman,Midlands,Degree,68.7,6.2,5.2,0.2671,1,1,0.6929867282321883
P19237,35-44,Woman,London,Degree,100.0,4.9,10.0,0.4217,1,1,0.7073530874284455
P19293,18-24,Woman,South,No degree,75.4,5.9,4.3,0.1906,1,1,0.9285480405571193
P19304,55-64,Woman,South,Degree,38.1,5.4,4.6,0.1334,1,1,0.89065043049051
P19351,25-34,Woman,Scotland/Wales,Degree,89.5,6.0,3.6,0.3677,1,1,0.7281785438068972
P19362,35-44,Woman,North,Degree,75.5,5.6,4.9,0.2805,1,1,0.6935351836258383
P19382,35-44,Woman,South,No degree,65.4,5.1,7.4,0.1401,1,1,1.1000558849386992
P19414,25-34,Man,North,Degree,100.0,6.4,7.2,0.4437,1,1,0.577735865296503
P19416,25-34,Man,Scotland/Wales,Degree,78.1,5.6,9.2,0.2933,1,1,0.7281785438068972
P19420,45-54,Woman,North,No degree,39.8,7.6,9.9,0.1162,1,1,1.178524546062652
P19434,45-54,Woman,Midlands,No degree,60.1,7.8,4.5,0.181,1,1,1.4136250116619258
P19458,25-34,Woman,South,Degree,72.3,5.3,2.8,0.256,1,1,0.6139071986888239
P19459,18-24,Man,Scotland/Wales,Degree,89.3,8.0,6.3,0.4435,1,1,0.7378476125060859
P19472,45-54,Man,South,No degree,38.3,5.6,5.9,0.0843,1,1,1.252310521327989
P19513,45-54,Man,South,Degree,64.6,6.0,6.7,0.2424,1,1,0.838955983293333
P19524,18-24,Man,North,No degree,85.4,4.5,4.1,0.193,1,1,0.873838109125281
P19551,35-44,Woman,Midlands,Degree,74.9,8.6,6.7,0.3831,1,1,0.8318865188819854
P19607,25-34,Man,North,No degree,59.7,6.5,5.5,0.1509,1,1,0.8623869631624932
P19608,25-34,Man,Midlands,Degree,55.9,6.2,7.4,0.2114,1,1,0.6929867282321883
P19666,25-34,Woman,North,No degree,77.1,5.8,8.4,0.1944,1,1,0.8623869631624932
P19729,45-54,Man,North,No degree,64.5,6.9,8.3,0.1754,1,1,1.178524546062652
P19731,55-64,Woman,South,Degree,45.3,7.0,8.5,0.1911,1,1,0.89065043049051
P19741,35-44,Man,Midlands,Degree,63.0,6.3,5.7,0.2442,1,1,0.8318865188819854
P19790,25-34,Woman,Midlands,Degree,77.5,6.3,8.1,0.3139,1,1,0.6929867282321883
P19802,25-34,Man,North,No degree,100.0,5.9,7.9,0.2982,1,1,0.8623869631624932
P19806,18-24,Woman,North,No degree,80.6,5.0,5.0,0.1876,1,1,0.873838109125281
P19839,65-74,Woman,South,Degree,37.2,7.3,4.6,0.1313,1,1,1.615853891367582
P19862,35-44,Woman,South,Degree,50.4,7.1,9.3,0.2134,1,1,0.7369565702024881
P19886,45-54,Man,South,No degree,65.0,7.0,5.0,0.1795,1,1,1.252310521327989
P19888,35-44,Woman,Scotland/Wales,Degree,43.0,5.9,5.5,0.1579,1,1,0.8741320565797465
P19918,55-64,Woman,London,Degree,72.4,7.6,7.6,0.3667,1,1,0.8548730784146957
P19924,25-34,Woman,London,No degree,82.8,6.0,6.2,0.2492,1,1,0.8795690476175343
P19998,18-24,Man,Midlands,No degree,81.9,4.9,7.8,0.1899,1,1,1.0481575554194622
P20007,35-44,Man,South,No degree,75.1,6.9,5.7,0.2152,1,1,1.1000558849386992
P20054,45-54,Man,Scotland/Wales,Degree,71.6,7.4,6.6,0.3213,1,1,0.9951174176445505
P20057,18-24,Woman,North,No degree,80.3,7.1,5.4,0.2429,1,1,0.873838109125281
P20150,25-34,Man,Scotland/Wales,Degree,90.8,7.9,9.2,0.4485,1,1,0.7281785438068972
P20287,35-44,Man,South,Degree,73.6,5.0,5.9,0.2528,1,1,0.7369565702024881
P20323,25-34,Woman,South,No degree,72.7,6.6,6.1,0.1979,1,1,0.9163799524011521
P20356,35-44,Man,North,Degree,90.4,4.3,5.0,0.3117,1,1,0.6935351836258383
P20358,18-24,Man,Scotland/Wales,Degree,76.7,6.1,6.5,0.303,1,1,0.7378476125060859
P20368,25-34,Man,London,Degree,89.3,5.2,7.5,0.3717,1,1,0.5892465987076719
P20397,35-44,Man,London,No degree,80.7,6.4,7.8,0.2518,1,1,1.055866733559916
P20447,18-24,Woman,London,No degree,95.5,6.3,9.8,0.3208,1,1,0.8912483447067236
P20501,55-64,Woman,Midlands,No degree,38.5,6.2,5.0,0.0925,1,1,1.5007291803873264
P20637,35-44,Woman,North,No degree,50.6,7.5,5.5,0.1436,1,1,1.0352407333175977
P20802,55-64,Man,North,No degree,50.4,4.4,4.9,0.0923,1,1,1.2511423903002707
P20804,45-54,Man,London,No degree,77.8,6.0,4.6,0.2274,1,1,1.202005314149092
P20868,25-34,Man,South,No degree,72.2,5.2,3.8,0.1631,1,1,0.9163799524011521
P20876,25-34,Man,South,Degree,75.6,7.1,7.3,0.3319,1,1,0.6139071986888239
P20895,35-44,Woman,London,Degree,66.2,5.8,6.5,0.2723,1,1,0.7073530874284455
P20950,25-34,Man,North,No degree,59.6,4.2,5.3,0.1093,1,1,0.8623869631624932
P21056,18-24,Woman,London,No degree,71.3,6.8,5.4,0.2226,1,1,0.8912483447067236
P21148,45-54,Woman,Midlands,No degree,56.8,5.7,5.5,0.1273,1,1,1.4136250116619258
P21186,18-24,Woman,Midlands,Degree,68.0,7.9,9.0,0.32,1,1,0.7021885048292753
P21216,35-44,Woman,London,Degree,64.3,5.1,5.2,0.2422,1,1,0.7073530874284455
P21226,25-34,Woman,North,No degree,79.9,8.0,6.4,0.2685,1,1,0.8623869631624932
P21228,45-54,Man,South,No degree,78.9,7.8,6.0,0.2576,1,1,1.252310521327989
P21240,35-44,Woman,London,No degree,65.4,7.2,3.2,0.2094,1,1,1.055866733559916
P21800,55-64,Woman,South,No degree,45.9,6.1,5.4,0.1069,1,1,1.3294748796595566
P21861,65-74,Woman,Scotland/Wales,Degree,51.0,9.0,8.1,0.2165,1,1,1.9166254054909067
P21967,35-44,Man,South,No degree,75.7,6.1,6.8,0.1967,1,1,1.1000558849386992
P21979,25-34,Woman,North,No degree,69.3,6.9,4.8,0.1927,1,1,0.8623869631624932
P21995,25-34,Man,London,Degree,71.8,4.4,8.0,0.2549,1,1,0.5892465987076719
P22026,55-64,Man,North,No degree,30.6,8.8,7.0,0.1133,1,1,1.2511423903002707
P22057,45-54,Man,South,Degree,65.9,5.2,7.2,0.2251,1,1,0.838955983293333
P22062,65-74,Man,North,No degree,29.6,7.6,7.7,0.0709,1,1,2.2698729274831586
P22068,55-64,Man,Midlands,Degree,53.9,7.0,8.4,0.2251,1,1,1.005378221891577
P22107,18-24,Woman,North,No degree,96.1,6.3,9.3,0.292,1,1,0.873838109125281
P22150,35-44,Man,London,No degree,77.0,6.2,9.9,0.2297,1,1,1.055866733559916
P22192,25-34,Woman,Midlands,No degree,61.0,6.4,6.5,0.1529,1,1,1.0344220533467472
P22200,18-24,Man,London,Degree,80.5,6.3,7.9,0.3635,1,1,0.5970708691316284
P22220,35-44,Man,Scotland/Wales,Degree,69.2,4.5,5.2,0.2194,1,1,0.8741320565797465
P22251,45-54,Non-binary / other,South,Degree,89.9,8.7,8.7,0.4749,1,1,0.838955983293333
P22279,18-24,Woman,Midlands,No degree,79.4,6.2,7.0,0.2138,1,1,1.0481575554194622
P22320,35-44,Woman,North,Degree,86.4,7.7,9.5,0.4147,1,1,0.6935351836258383
P22365,18-24,Woman,London,No degree,100.0,6.4,9.8,0.3484,1,1,0.8912483447067236
P22373,65-74,Man,North,Degree,53.5,8.9,6.2,0.2241,1,1,1.5206479873762824
P22515,18-24,Woman,North,No degree,70.1,4.5,4.1,0.1421,1,1,0.873838109125281
P22568,25-34,Woman,Midlands,Degree,95.3,6.3,8.5,0.4122,1,1,0.6929867282321883
P22573,35-44,Man,South,Degree,38.4,5.4,8.0,0.1342,1,1,0.7369565702024881
P22608,18-24,Woman,South,Degree,79.3,4.9,6.6,0.2763,1,1,0.6220589231931138
P22667,35-44,Woman,Scotland/Wales,Degree,51.8,6.6,9.9,0.2057,1,1,0.8741320565797465
P22707,65-74,Non-binary / other,South,Degree,35.6,6.0,6.2,0.1057,1,1,1.615853891367582
P22913,18-24,Woman,Midlands,No degree,73.3,6.1,5.9,0.1877,1,1,1.0481575554194622
P22952,45-54,Woman,South,No degree,82.9,3.9,6.8,0.1699,1,1,1.252310521327989
P22990,25-34,Woman,South,No degree,58.4,5.3,7.5,0.1245,1,1,0.9163799524011521
P23037,25-34,Man,North,Degree,68.6,6.4,6.5,0.273,1,1,0.577735865296503
P23048,45-54,Woman,London,Degree,73.7,6.2,6.8,0.3232,1,1,0.8052551927667212
P23083,35-44,Woman,Midlands,No degree,72.0,3.5,7.1,0.1288,1,1,1.2417579240060994
P23150,35-44,Man,London,Degree,64.8,4.6,8.8,0.2299,1,1,0.7073530874284455
P23202,18-24,Woman,Midlands,Degree,75.2,4.9,9.0,0.2571,1,1,0.7021885048292753
P23238,45-54,Woman,Midlands,Degree,44.8,7.2,4.5,0.1942,1,1,0.94702483247465
P23243,25-34,Woman,Midlands,No degree,84.4,5.7,5.6,0.2206,1,1,1.0344220533467472
P23249,18-24,Man,London,Degree,84.2,6.1,5.9,0.3768,1,1,0.5970708691316284
P23253,65-74,Man,North,No degree,42.3,8.8,6.4,0.1114,1,1,2.2698729274831586
P23339,45-54,Woman,Scotland/Wales,Degree,64.5,8.9,7.6,0.3367,1,1,0.9951174176445505
P23399,35-44,Woman,London,No degree,88.0,6.4,5.6,0.2862,1,1,1.055866733559916
P23401,25-34,Man,North,No degree,71.8,4.9,6.9,0.1554,1,1,0.8623869631624932
P23425,35-44,Man,North,Degree,57.3,5.6,6.0,0.2012,1,1,0.6935351836258383
P23505,35-44,Man,South,Degree,59.3,6.8,9.7,0.2425,1,1,0.7369565702024881
P23569,18-24,Woman,South,Degree,90.6,3.6,5.9,0.2891,1,1,0.6220589231931138
P23594,25-34,Man,South,No degree,56.4,8.9,6.6,0.1943,1,1,0.9163799524011521
P23598,35-44,Woman,South,Degree,49.9,8.4,8.7,0.2482,1,1,0.7369565702024881
P23627,18-24,Man,Midlands,No degree,78.2,4.1,6.6,0.1588,1,1,1.0481575554194622
P23657,55-64,Man,London,Degree,63.4,8.0,9.1,0.3322,1,1,0.8548730784146957
P23685,25-34,Woman,South,Degree,45.7,9.4,5.5,0.2594,1,1,0.6139071986888239
P23698,25-34,Woman,North,Degree,83.4,4.7,7.3,0.2898,1,1,0.577735865296503
P23769,55-64,Man,North,No degree,24.7,5.0,5.0,0.0569,1,1,1.2511423903002707
P23774,45-54,Man,North,No degree,67.3,7.3,7.1,0.1952,1,1,1.178524546062652
P23780,35-44,Woman,North,Degree,66.7,5.7,4.6,0.2428,1,1,0.6935351836258383
P23799,25-34,Man,Midlands,No degree,88.3,6.4,6.4,0.2579,1,1,1.0344220533467472
P23812,18-24,Woman,South,No degree,84.3,4.3,7.4,0.1841,1,1,0.9285480405571193
P23953,18-24,Man,South,Degree,55.6,6.9,5.1,0.2294,1,1,0.6220589231931138
P24034,25-34,Woman,Scotland/Wales,No degree,75.5,7.4,9.0,0.2308,1,1,1.0869529152590018
P24075,35-44,Woman,London,No degree,71.3,6.0,7.6,0.2012,1,1,1.055866733559916
P24194,65-74,Woman,North,Degree,40.1,7.0,9.6,0.1338,1,1,1.5206479873762824
P24311,25-34,Man,Scotland/Wales,No degree,77.4,5.6,5.9,0.1906,1,1,1.0869529152590018
P24412,45-54,Woman,South,No degree,55.7,6.2,3.8,0.1334,1,1,1.252310521327989
P24474,65-74,Man,Scotland/Wales,No degree,50.6,5.9,6.8,0.0877,1,1,2.8609488561232124
P24488,18-24,Man,South,Degree,100.0,3.4,7.1,0.3305,1,1,0.6220589231931138
P24575,65-74,Woman,North,No degree,50.8,6.8,6.6,0.1004,1,1,2.2698729274831586
P24593,25-34,Woman,North,Degree,60.5,6.2,6.0,0.2304,1,1,0.577735865296503
P24597,25-34,Man,Midlands,Degree,68.7,6.0,6.2,0.2609,1,1,0.6929867282321883
P24622,65-74,Man,North,Degree,33.5,10.0,7.1,0.1757,1,1,1.5206479873762824
P24623,18-24,Woman,North,No degree,100.0,6.3,5.6,0.3117,1,1,0.873838109125281
P24625,55-64,Man,Midlands,No degree,62.8,6.8,6.7,0.1673,1,1,1.5007291803873264
P24682,45-54,Man,Scotland/Wales,Degree,63.5,8.8,7.3,0.3278,1,1,0.9951174176445505
P24736,25-34,Man,Scotland/Wales,Degree,74.4,6.4,7.6,0.3015,1,1,0.7281785438068972
P24840,25-34,Woman,South,Degree,73.0,5.8,6.0,0.2749,1,1,0.6139071986888239
P24843,25-34,Woman,London,No degree,92.1,7.4,6.2,0.3417,1,1,0.8795690476175343
P24883,35-44,Woman,North,No degree,80.2,9.0,7.9,0.3025,1,1,1.0352407333175977
P24897,45-54,Woman,London,Degree,79.8,6.1,6.6,0.3523,1,1,0.8052551927667212
P24905,18-24,Woman,Scotland/Wales,Degree,82.7,7.7,8.5,0.3934,1,1,0.7378476125060859
P24956,55-64,Man,North,Degree,49.8,7.2,6.7,0.2137,1,1,0.8381734213821421
P24994,55-64,Woman,Scotland/Wales,No degree,67.8,5.5,5.9,0.1554,1,1,1.5769404300291507
P25085,55-64,Man,Midlands,No degree,62.5,10.0,7.9,0.2497,1,1,1.5007291803873264
P25298,18-24,Woman,North,No degree,68.7,7.2,4.3,0.1979,1,1,0.873838109125281
P25420,25-34,Woman,Midlands,No degree,73.6,8.3,7.9,0.2487,1,1,1.0344220533467472
P25468,25-34,Man,North,No degree,96.9,7.2,3.9,0.3269,1,1,0.8623869631624932
P25479,55-64,Man,Scotland/Wales,Degree,54.8,8.6,6.3,0.2771,1,1,1.056434156336229
P25608,35-44,Woman,Midlands,Degree,59.1,4.9,5.7,0.1904,1,1,0.8318865188819854
P25615,18-24,Man,Midlands,No degree,77.4,6.9,6.4,0.2247,1,1,1.0481575554194622
P25617,65-74,Woman,South,No degree,40.9,5.9,5.2,0.0708,1,1,2.411986885348764
P25669,18-24,Man,Midlands,No degree,73.7,5.5,9.6,0.1749,1,1,1.0481575554194622
P25678,35-44,Man,Scotland/Wales,Degree,89.6,7.2,8.3,0.414,1,1,0.8741320565797465
P25679,65-74,Woman,Midlands,Degree,15.6,7.0,6.7,0.079,1,1,1.8239976724033413
P25705,45-54,Man,South,No degree,70.6,6.7,6.5,0.1925,1,1,1.252310521327989
P25707,55-64,Woman,North,No degree,46.9,5.8,6.6,0.1047,1,1,1.2511423903002707
P25735,25-34,Man,London,No degree,58.7,5.0,6.2,0.1369,1,1,0.8795690476175343
P25740,25-34,Man,London,Degree,74.5,8.4,8.1,0.409,1,1,0.5892465987076719
P25822,35-44,Man,South,No degree,79.1,6.3,7.6,0.2152,1,1,1.1000558849386992
P25945,35-44,Man,Scotland/Wales,No degree,53.1,6.5,7.4,0.1317,1,1,1.3048178847091474
P25988,65-74,Woman,South,No degree,45.4,4.9,3.2,0.0675,1,1,2.411986885348764
P25994,35-44,Woman,Scotland/Wales,Degree,77.7,6.8,6.7,0.3324,1,1,0.8741320565797465
P26107,18-24,Man,North,No degree,70.8,7.7,7.1,0.2195,1,1,0.873838109125281
P26116,25-34,Man,North,No degree,88.7,6.0,7.7,0.2476,1,1,0.8623869631624932
P26197,25-34,Non-binary / other,North,No degree,100.0,4.7,4.0,0.2596,1,1,0.8623869631624932
P26214,45-54,Man,North,No degree,51.6,7.9,4.2,0.1548,1,1,1.178524546062652
P26229,35-44,Woman,Scotland/Wales,Degree,67.1,7.6,8.6,0.305,1,1,0.8741320565797465
P26237,25-34,Woman,North,Degree,78.7,4.7,6.3,0.2671,1,1,0.577735865296503
P26250,45-54,Man,South,Degree,41.5,6.8,7.6,0.1728,1,1,0.838955983293333
P26273,55-64,Man,North,No degree,42.0,5.4,3.7,0.0888,1,1,1.2511423903002707
P26332,45-54,Man,North,Degree,49.8,7.8,7.2,0.2303,1,1,0.7895248043822556
P26333,35-44,Man,South,Degree,62.3,6.1,4.3,0.2353,1,1,0.7369565702024881
P26336,25-34,Woman,North,Degree,74.3,7.6,6.5,0.3428,1,1,0.577735865296503
P26458,35-44,Woman,Midlands,Degree,66.1,5.1,7.6,0.2231,1,1,0.8318865188819854
P26471,45-54,Man,Scotland/Wales,No degree,60.4,8.8,7.3,0.2071,1,1,1.4854128665738215
P26570,25-34,Man,Scotland/Wales,Degree,82.3,5.0,9.9,0.2943,1,1,0.7281785438068972
P26581,35-44,Man,North,No degree,76.8,4.6,4.6,0.1651,1,1,1.0352407333175977
P26602,55-64,Man,North,No degree,54.8,5.9,5.8,0.1256,1,1,1.2511423903002707
P26644,25-34,Woman,North,Degree,77.0,5.3,6.7,0.2781,1,1,0.577735865296503
P26678,45-54,Non-binary / other,London,No degree,76.8,5.4,7.7,0.207,1,1,1.202005314149092
P26710,65-74,Woman,South,Degree,19.8,6.7,7.6,0.083,1,1,1.615853891367582
P26736,18-24,Woman,North,No degree,100.0,7.2,7.2,0.3434,1,1,0.873838109125281
P26758,45-54,Woman,Midlands,No degree,61.3,4.5,5.2,0.1183,1,1,1.4136250116619258
P26836,45-54,Man,South,Degree,35.5,6.7,6.8,0.1511,1,1,0.838955983293333
P26858,65-74,Woman,North,No degree,54.3,7.3,7.5,0.1162,1,1,2.2698729274831586
P26891,18-24,Man,Scotland/Wales,Degree,88.5,5.6,8.2,0.3475,1,1,0.7378476125060859
P26943,55-64,Woman,Midlands,Degree,44.8,4.7,6.4,0.1391,1,1,1.005378221891577
P27031,45-54,Man,South,Degree,53.3,7.6,10.0,0.2396,1,1,0.838955983293333
P27038,35-44,Woman,London,Degree,73.0,5.8,7.7,0.3058,1,1,0.7073530874284455
P27207,45-54,Woman,Midlands,No degree,59.2,7.2,6.6,0.1642,1,1,1.4136250116619258
P27338,25-34,Man,London,Degree,88.3,6.3,6.5,0.4079,1,1,0.5892465987076719
P27402,18-24,Woman,South,Degree,89.5,6.9,6.5,0.4018,1,1,0.6220589231931138
P27421,35-44,Woman,Scotland/Wales,Degree,55.5,10.0,8.7,0.3278,1,1,0.8741320565797465
P27471,18-24,Man,Scotland/Wales,Degree,74.5,7.6,5.2,0.3439,1,1,0.7378476125060859
P27477,55-64,Woman,North,No degree,65.3,7.0,9.0,0.1805,1,1,1.2511423903002707
P27560,25-34,Man,Midlands,No degree,96.0,5.2,6.2,0.2565,1,1,1.0344220533467472
P27615,55-64,Woman,London,Degree,78.8,4.1,5.3,0.2783,1,1,0.8548730784146957
P27629,45-54,Woman,London,No degree,57.9,6.3,6.6,0.1608,1,1,1.202005314149092
P27666,55-64,Woman,North,Degree,49.5,7.0,6.6,0.2072,1,1,0.8381734213821421
P27840,35-44,Man,South,Degree,57.0,5.8,4.8,0.2052,1,1,0.7369565702024881
P27855,25-34,Man,South,No degree,91.7,9.3,6.7,0.3749,1,1,0.9163799524011521
P27892,18-24,Woman,Midlands,Degree,82.1,8.2,8.8,0.4091,1,1,0.7021885048292753
P28049,55-64,Woman,London,Degree,51.6,7.1,7.5,0.245,1,1,0.8548730784146957
P28131,55-64,Man,North,Degree,61.5,8.0,7.3,0.2903,1,1,0.8381734213821421
P28147,25-34,Woman,South,No degree,66.2,7.4,6.9,0.1935,1,1,0.9163799524011521
P28212,18-24,Woman,South,Degree,85.3,6.0,5.3,0.3446,1,1,0.6220589231931138
P28288,35-44,Woman,Scotland/Wales,Degree,56.1,7.3,6.2,0.2431,1,1,0.8741320565797465
P28296,18-24,Man,Midlands,Degree,72.5,4.1,4.0,0.222,1,1,0.7021885048292753
P28364,35-44,Man,Midlands,No degree,53.4,7.3,7.0,0.148,1,1,1.2417579240060994
P28373,45-54,Woman,South,Degree,53.8,8.0,8.4,0.2537,1,1,0.838955983293333
P28382,55-64,Man,South,No degree,34.5,6.8,5.6,0.0925,1,1,1.3294748796595566
P28493,35-44,Man,Scotland/Wales,Degree,61.3,5.4,6.8,0.2117,1,1,0.8741320565797465
P28544,45-54,Man,North,No degree,64.9,5.2,7.5,0.1406,1,1,1.178524546062652
P28554,45-54,Woman,South,Degree,70.0,8.2,9.0,0.3412,1,1,0.838955983293333
P28566,25-34,Woman,Midlands,Degree,58.3,6.1,7.5,0.2184,1,1,0.6929867282321883
P28606,25-34,Woman,Midlands,No degree,94.1,9.0,7.2,0.3772,1,1,1.0344220533467472
P28627,45-54,Man,Midlands,No degree,52.9,7.5,6.0,0.1505,1,1,1.4136250116619258
P28699,35-44,Woman,Midlands,No degree,68.0,7.7,6.9,0.2082,1,1,1.2417579240060994
P28710,35-44,Man,Scotland/Wales,Degree,85.1,6.3,6.2,0.3544,1,1,0.8741320565797465
P28727,55-64,Man,North,No degree,57.8,5.8,4.5,0.1318,1,1,1.2511423903002707
P28729,25-34,Woman,North,Degree,47.2,6.9,7.1,0.1957,1,1,0.577735865296503
P28753,25-34,Woman,Midlands,No degree,84.0,6.0,7.7,0.2272,1,1,1.0344220533467472
P28771,25-34,Woman,South,Degree,76.0,7.1,6.3,0.334,1,1,0.6139071986888239
P28800,45-54,Man,North,Degree,72.2,7.8,7.1,0.3387,1,1,0.7895248043822556
P28827,45-54,Woman,South,Degree,52.5,8.2,3.0,0.2539,1,1,0.838955983293333
P28891,55-64,Man,Scotland/Wales,Degree,43.5,4.9,7.6,0.1392,1,1,1.056434156336229
P28931,55-64,Woman,Scotland/Wales,Degree,53.3,7.7,8.0,0.2425,1,1,1.056434156336229
P28987,35-44,Man,South,Degree,55.0,7.2,9.6,0.2354,1,1,0.7369565702024881
P29001,35-44,Woman,Scotland/Wales,Degree,60.7,6.7,6.1,0.2458,1,1,0.8741320565797465
P29012,25-34,Man,Scotland/Wales,Degree,71.9,7.4,9.3,0.3229,1,1,0.7281785438068972
P29025,35-44,Man,North,No degree,74.9,6.8,7.0,0.2118,1,1,1.0352407333175977
P29041,35-44,Woman,North,No degree,84.8,4.8,4.1,0.1983,1,1,1.0352407333175977
P29046,25-34,Woman,London,Degree,81.9,8.2,8.6,0.4446,1,1,0.5892465987076719
P29072,25-34,Man,South,No degree,55.1,7.7,6.5,0.1617,1,1,0.9163799524011521
P29077,55-64,Woman,Midlands,Degree,47.4,9.4,7.3,0.2673,1,1,1.005378221891577
P29097,35-44,Man,London,Degree,64.7,7.3,8.1,0.3145,1,1,0.7073530874284455
P29147,35-44,Man,North,Degree,72.4,3.3,4.5,0.2003,1,1,0.6935351836258383
P29149,35-44,Woman,London,Degree,87.4,6.6,7.9,0.4143,1,1,0.7073530874284455
P29184,25-34,Woman,South,Degree,60.9,7.3,7.1,0.2649,1,1,0.6139071986888239
P29201,65-74,Man,London,No degree,31.4,7.0,7.3,0.0775,1,1,2.315097577214881
P29203,18-24,Man,South,No degree,83.8,7.5,8.0,0.2711,1,1,0.9285480405571193
P29264,45-54,Man,South,Degree,81.2,7.0,8.6,0.3587,1,1,0.838955983293333
P29276,35-44,Woman,Midlands,No degree,64.0,5.5,5.7,0.1438,1,1,1.2417579240060994
P29281,25-34,Woman,North,No degree,79.9,5.8,5.6,0.2052,1,1,0.8623869631624932
P29403,25-34,Woman,North,Degree,65.6,7.7,6.4,0.3008,1,1,0.577735865296503
P29419,18-24,Woman,Midlands,Degree,64.0,9.4,8.5,0.3521,1,1,0.7021885048292753
P29554,25-34,Man,South,No degree,73.0,5.1,5.9,0.1636,1,1,0.9163799524011521
P29642,45-54,Woman,South,Degree,100.0,6.2,7.6,0.4359,1,1,0.838955983293333
P29649,25-34,Man,Midlands,No degree,100.0,6.6,7.2,0.3221,1,1,1.0344220533467472
P29761,35-44,Woman,Scotland/Wales,No degree,65.0,5.1,2.1,0.139,1,1,1.3048178847091474
P29816,35-44,Woman,South,Degree,64.8,7.1,5.8,0.2771,1,1,0.7369565702024881
P29831,25-34,Woman,South,No degree,72.8,3.0,7.1,0.1221,1,1,0.9163799524011521
P29838,45-54,Woman,London,No degree,66.9,6.5,5.3,0.1971,1,1,1.202005314149092
P29865,65-74,Woman,Midlands,Degree,56.0,5.9,7.1,0.1595,1,1,1.8239976724033413
P29932,65-74,Woman,South,Degree,36.4,5.1,3.3,0.0945,1,1,1.615853891367582
P29941,18-24,Woman,North,No degree,53.4,3.6,5.0,0.0877,1,1,0.873838109125281
P29973,45-54,Man,South,Degree,55.4,4.4,4.7,0.1657,1,1,0.838955983293333
P30024,65-74,Man,North,Degree,29.8,7.3,6.8,0.1124,1,1,1.5206479873762824
P30074,25-34,Man,South,Degree,64.6,4.0,7.4,0.1885,1,1,0.6139071986888239
P30076,45-54,Man,North,No degree,73.9,6.6,7.0,0.2026,1,1,1.178524546062652
P30086,18-24,Woman,South,No degree,83.7,4.4,7.6,0.1843,1,1,0.9285480405571193
P30171,18-24,Non-binary / other,North,No degree,72.7,5.3,8.7,0.167,1,1,0.873838109125281
P30198,25-34,Man,South,No degree,80.4,5.7,10.0,0.2045,1,1,0.9163799524011521
P30200,35-44,Woman,Midlands,No degree,66.1,4.8,7.8,0.1364,1,1,1.2417579240060994
P30215,55-64,Man,Midlands,No degree,78.9,7.9,7.9,0.2607,1,1,1.5007291803873264
P30274,25-34,Woman,Scotland/Wales,No degree,59.6,6.3,7.3,0.1466,1,1,1.0869529152590018
P30334,35-44,Man,South,Degree,60.1,7.0,5.5,0.2521,1,1,0.7369565702024881
P30343,18-24,Man,Scotland/Wales,Degree,61.0,4.7,5.7,0.1925,1,1,0.7378476125060859
P30444,45-54,Woman,Midlands,Degree,71.6,6.3,7.0,0.2842,1,1,0.94702483247465
P30521,55-64,Woman,London,No degree,68.5,7.7,8.8,0.2361,1,1,1.2760699867664655
P30525,45-54,Man,South,Degree,66.4,8.3,8.3,0.3255,1,1,0.838955983293333
P30644,35-44,Man,London,Degree,83.6,7.1,5.6,0.4115,1,1,0.7073530874284455
P30654,25-34,Man,Midlands,No degree,83.4,5.9,7.0,0.2219,1,1,1.0344220533467472
P30670,25-34,Man,North,Degree,76.1,4.5,5.0,0.2491,1,1,0.577735865296503
P30681,55-64,Man,South,Degree,72.4,8.5,10.0,0.3653,1,1,0.89065043049051
P30738,25-34,Woman,London,Degree,92.1,8.5,8.4,0.5176,1,1,0.5892465987076719
P30773,25-34,Woman,London,Degree,92.7,5.3,6.1,0.3948,1,1,0.5892465987076719
P30778,35-44,Non-binary / other,South,Degree,39.9,7.4,7.2,0.1812,1,1,0.7369565702024881
P30880,35-44,Woman,London,Degree,81.0,6.0,7.6,0.3553,1,1,0.7073530874284455
P30900,25-34,Woman,North,Degree,82.5,7.1,6.5,0.3696,1,1,0.577735865296503
P30945,18-24,Woman,Midlands,No degree,80.5,6.0,5.8,0.2128,1,1,1.0481575554194622
P30998,18-24,Woman,London,No degree,74.9,7.6,6.3,0.2618,1,1,0.8912483447067236
P31020,35-44,Woman,North,No degree,65.0,6.1,5.2,0.1592,1,1,1.0352407333175977
P31076,35-44,Woman,Midlands,Degree,74.8,6.0,5.5,0.2901,1,1,0.8318865188819854
P31085,35-44,Man,Scotland/Wales,Degree,71.0,4.3,7.3,0.2213,1,1,0.8741320565797465
P31087,25-34,Woman,Midlands,No degree,55.8,6.2,4.6,0.1337,1,1,1.0344220533467472
P31182,45-54,Woman,Scotland/Wales,No degree,65.4,4.5,5.7,0.1289,1,1,1.4854128665738215
P31377,25-34,Man,London,No degree,75.4,6.2,8.4,0.223,1,1,0.8795690476175343
P31458,25-34,Man,Scotland/Wales,Degree,69.8,8.1,6.8,0.3365,1,1,0.7281785438068972
P31462,45-54,Non-binary / other,South,Degree,73.4,6.6,8.9,0.3031,1,1,0.838955983293333
P31465,45-54,Man,London,Degree,80.4,4.7,5.2,0.3061,1,1,0.8052551927667212
P31483,35-44,Man,Scotland/Wales,No degree,72.6,4.5,5.5,0.1496,1,1,1.3048178847091474
P31511,25-34,Woman,South,Degree,72.8,6.4,6.5,0.2934,1,1,0.6139071986888239
P31614,35-44,Woman,Scotland/Wales,No degree,84.0,5.0,7.9,0.2004,1,1,1.3048178847091474
P31628,35-44,Woman,South,No degree,52.5,4.6,6.0,0.0994,1,1,1.1000558849386992
P31672,45-54,Woman,South,No degree,48.4,6.6,6.8,0.1211,1,1,1.252310521327989
P31721,55-64,Woman,South,Degree,66.6,5.4,5.2,0.2337,1,1,0.89065043049051
P31761,35-44,Woman,South,No degree,87.5,8.8,8.8,0.3336,1,1,1.1000558849386992
P31877,25-34,Man,London,Degree,71.3,4.9,8.0,0.268,1,1,0.5892465987076719
P31886,45-54,Man,Midlands,No degree,65.9,4.1,7.0,0.1232,1,1,1.4136250116619258
P31970,25-34,Woman,North,No degree,78.3,5.4,8.0,0.189,1,1,0.8623869631624932
P31986,25-34,Man,Scotland/Wales,No degree,91.8,7.1,10.0,0.2972,1,1,1.0869529152590018
P32011,45-54,Woman,South,No degree,97.1,5.5,7.2,0.271,1,1,1.252310521327989
P32029,25-34,Woman,South,No degree,95.8,6.9,6.9,0.3107,1,1,0.9163799524011521
P32074,25-34,Man,North,No degree,88.1,5.0,6.9,0.2166,1,1,0.8623869631624932
P32088,55-64,Woman,Scotland/Wales,Degree,70.6,7.4,9.1,0.3161,1,1,1.056434156336229
P32143,25-34,Woman,South,No degree,94.3,4.1,4.8,0.2174,1,1,0.9163799524011521
P32228,35-44,Man,London,No degree,83.0,7.6,5.9,0.3011,1,1,1.055866733559916
P32386,55-64,Woman,London,No degree,80.7,5.2,6.6,0.2173,1,1,1.2760699867664655
P32400,55-64,Man,Scotland/Wales,Degree,61.2,7.4,7.3,0.2695,1,1,1.056434156336229
P32415,35-44,Woman,Midlands,Degree,93.8,6.5,7.4,0.4113,1,1,0.8318865188819854
P32418,35-44,Woman,North,Degree,76.3,8.0,5.4,0.3685,1,1,0.6935351836258383
P32512,45-54,Woman,Midlands,Degree,55.6,6.0,6.0,0.205,1,1,0.94702483247465
P32652,18-24,Man,Scotland/Wales,Degree,68.0,5.4,8.0,0.2398,1,1,0.7378476125060859
P32653,18-24,Woman,North,No degree,88.7,6.4,5.6,0.2598,1,1,0.873838109125281
P32657,35-44,Woman,South,No degree,81.9,3.4,5.0,0.1557,1,1,1.1000558849386992
P32717,18-24,Woman,Scotland/Wales,Degree,81.8,5.5,6.2,0.3086,1,1,0.7378476125060859
P32791,25-34,Woman,North,Degree,58.8,3.5,4.5,0.1573,1,1,0.577735865296503
P32834,25-34,Woman,London,No degree,73.6,4.1,8.0,0.1642,1,1,0.8795690476175343
P32840,55-64,Man,North,No degree,74.6,6.8,7.5,0.2106,1,1,1.2511423903002707
P32874,18-24,Woman,North,No degree,96.5,5.9,9.2,0.2809,1,1,0.873838109125281
P32893,45-54,Man,North,No degree,47.0,7.4,6.6,0.1315,1,1,1.178524546062652
P32929,45-54,Woman,South,No degree,76.5,6.7,8.6,0.2155,1,1,1.252310521327989
P32947,35-44,Man,London,Degree,53.3,7.7,9.1,0.2711,1,1,0.7073530874284455
P33122,45-54,Man,South,Degree,72.7,6.4,8.9,0.2929,1,1,0.838955983293333
P33184,55-64,Man,London,Degree,68.7,7.5,7.3,0.3427,1,1,0.8548730784146957
P33195,55-64,Woman,London,Degree,55.7,7.8,5.6,0.2859,1,1,0.8548730784146957
P33207,45-54,Woman,South,No degree,26.1,7.4,5.7,0.084,1,1,1.252310521327989
P33230,55-64,Non-binary / other,South,No degree,51.2,7.8,7.3,0.1515,1,1,1.3294748796595566
P33295,35-44,Woman,South,No degree,56.7,7.5,7.2,0.1626,1,1,1.1000558849386992
P33330,65-74,Woman,South,No degree,39.0,6.8,5.7,0.0776,1,1,2.411986885348764
P33343,55-64,Man,North,Degree,48.2,9.2,7.5,0.2648,1,1,0.8381734213821421
P33477,25-34,Man,North,Degree,55.2,8.5,6.4,0.2758,1,1,0.577735865296503
P33499,55-64,Woman,Scotland/Wales,Degree,74.5,6.9,9.3,0.3191,1,1,1.056434156336229
P33619,55-64,Woman,Scotland/Wales,Degree,68.2,6.1,6.0,0.2617,1,1,1.056434156336229
P33621,25-34,Man,Scotland/Wales,No degree,73.1,7.6,6.2,0.2263,1,1,1.0869529152590018
P33705,45-54,Man,London,No degree,66.5,2.9,4.3,0.1203,1,1,1.202005314149092
P33781,18-24,Woman,London,No degree,58.8,6.9,5.7,0.1773,1,1,0.8912483447067236
P33804,45-54,Man,North,Degree,62.9,4.9,5.5,0.2048,1,1,0.7895248043822556
P33810,55-64,Man,North,Degree,33.5,5.9,4.5,0.1299,1,1,0.8381734213821421
P33812,25-34,Woman,London,No degree,84.5,4.7,8.2,0.2193,1,1,0.8795690476175343
P33829,45-54,Man,North,Degree,42.1,7.9,7.2,0.2017,1,1,0.7895248043822556
P33832,25-34,Woman,London,No degree,66.0,7.1,6.4,0.2092,1,1,0.8795690476175343
P33833,25-34,Woman,London,No degree,65.9,5.9,6.8,0.1788,1,1,0.8795690476175343
P33849,18-24,Woman,South,Degree,89.2,6.9,6.5,0.4001,1,1,0.6220589231931138
P33896,25-34,Woman,North,No degree,82.7,7.3,8.6,0.2598,1,1,0.8623869631624932
P33905,35-44,Man,Midlands,No degree,66.4,5.2,7.1,0.145,1,1,1.2417579240060994
P33916,35-44,Woman,Midlands,Degree,65.0,5.0,3.4,0.2159,1,1,0.8318865188819854
P33962,45-54,Man,North,No degree,70.0,7.6,8.1,0.2135,1,1,1.178524546062652
P33968,18-24,Man,North,Degree,71.9,5.2,7.1,0.2512,1,1,0.5854072912387358
P33970,25-34,Woman,Scotland/Wales,No degree,58.4,5.2,7.1,0.1228,1,1,1.0869529152590018
P34036,55-64,Woman,Midlands,Degree,50.1,6.8,4.7,0.2043,1,1,1.005378221891577
P34040,45-54,Man,North,No degree,62.6,4.4,6.8,0.1199,1,1,1.178524546062652
P34066,45-54,Man,North,No degree,59.6,7.3,5.5,0.1678,1,1,1.178524546062652
P34113,18-24,Non-binary / other,London,Degree,85.4,6.7,7.5,0.4065,1,1,0.5970708691316284
P34133,25-34,Man,South,No degree,89.4,3.9,6.6,0.193,1,1,0.9163799524011521
P34185,18-24,Man,North,No degree,70.3,6.9,5.4,0.1964,1,1,0.873838109125281
P34192,35-44,Man,London,No degree,71.4,3.9,6.3,0.1529,1,1,1.055866733559916
P34295,55-64,Woman,Scotland/Wales,No degree,49.8,5.5,4.8,0.1067,1,1,1.5769404300291507
P34339,18-24,Man,South,No degree,72.5,7.0,4.3,0.2075,1,1,0.9285480405571193
P34340,18-24,Woman,South,Degree,60.7,8.2,4.0,0.2929,1,1,0.6220589231931138
P34429,35-44,Man,Midlands,Degree,43.0,6.7,6.9,0.1757,1,1,0.8318865188819854
P34430,65-74,Man,South,No degree,47.4,6.0,7.8,0.083,1,1,2.411986885348764
P34445,45-54,Man,London,No degree,52.0,7.4,7.1,0.1655,1,1,1.202005314149092
P34463,45-54,Man,South,Degree,65.4,6.4,6.1,0.258,1,1,0.838955983293333
P34502,18-24,Man,North,Degree,81.4,3.2,5.9,0.2343,1,1,0.5854072912387358
P34518,55-64,Man,North,Degree,20.4,6.0,6.8,0.0997,1,1,0.8381734213821421
P34544,25-34,Man,South,Degree,92.8,7.1,5.9,0.4288,1,1,0.6139071986888239
P34546,25-34,Man,Midlands,No degree,76.4,7.5,6.2,0.2375,1,1,1.0344220533467472
P34559,25-34,Woman,London,No degree,68.0,4.6,6.6,0.1568,1,1,0.8795690476175343
P34565,18-24,Man,Midlands,Degree,86.0,4.6,9.1,0.2994,1,1,0.7021885048292753
P34629,65-74,Man,Midlands,Degree,73.4,8.5,10.0,0.304,1,1,1.8239976724033413
P34663,55-64,Woman,North,Degree,60.4,7.9,8.4,0.2816,1,1,0.8381734213821421
P34672,25-34,Man,Midlands,Degree,75.5,6.3,7.6,0.3036,1,1,0.6929867282321883
P34700,35-44,Man,Midlands,No degree,88.5,8.4,8.3,0.3248,1,1,1.2417579240060994
P34777,45-54,Man,North,No degree,55.3,4.7,5.2,0.1071,1,1,1.178524546062652
P34780,18-24,Man,Midlands,Degree,90.7,7.1,10.0,0.4165,1,1,0.7021885048292753
P34790,35-44,Man,London,No degree,57.1,7.5,9.6,0.1855,1,1,1.055866733559916
P34800,25-34,Man,Scotland/Wales,No degree,80.8,5.3,6.6,0.1958,1,1,1.0869529152590018
P34816,65-74,Woman,North,No degree,25.7,9.9,9.1,0.0912,1,1,2.2698729274831586
P34906,35-44,Man,South,No degree,66.6,6.0,5.0,0.1622,1,1,1.1000558849386992
P34921,55-64,Woman,Midlands,No degree,66.8,8.2,7.0,0.2167,1,1,1.5007291803873264
P34959,18-24,Woman,Midlands,Degree,82.8,6.4,6.1,0.3455,1,1,0.7021885048292753
P34960,35-44,Woman,South,No degree,80.8,6.9,6.8,0.2392,1,1,1.1000558849386992
P35130,35-44,Woman,South,Degree,92.4,5.6,5.9,0.369,1,1,0.7369565702024881
P35152,35-44,Woman,Scotland/Wales,Degree,86.3,7.5,9.1,0.4064,1,1,0.8741320565797465
P35164,25-34,Man,Scotland/Wales,Degree,92.8,6.3,7.9,0.3978,1,1,0.7281785438068972
P35167,35-44,Man,Midlands,Degree,68.3,5.6,6.2,0.247,1,1,0.8318865188819854
P35175,55-64,Woman,Midlands,Degree,59.9,5.9,6.5,0.2195,1,1,1.005378221891577
P35233,45-54,Woman,North,Degree,50.3,9.2,7.8,0.2747,1,1,0.7895248043822556
P35239,65-74,Woman,South,Degree,48.1,6.3,4.8,0.1434,1,1,1.615853891367582
P35254,25-34,Man,London,Degree,71.7,6.1,5.1,0.3093,1,1,0.5892465987076719
P35288,65-74,Man,South,No degree,26.9,7.5,7.0,0.0657,1,1,2.411986885348764
P35299,55-64,Woman,North,Degree,45.9,7.3,7.1,0.2009,1,1,0.8381734213821421
P35395,18-24,Man,North,No degree,97.1,6.0,6.5,0.2871,1,1,0.873838109125281
P35404,35-44,Woman,Scotland/Wales,Degree,47.3,6.2,5.6,0.179,1,1,0.8741320565797465
P35505,35-44,Man,South,No degree,53.1,0.7,5.9,0.0566,1,1,1.1000558849386992
P35507,35-44,Woman,Midlands,Degree,80.3,8.2,10.0,0.3987,1,1,0.8318865188819854
P35570,25-34,Man,Midlands,Degree,79.2,7.4,4.8,0.3623,1,1,0.6929867282321883
P35671,25-34,Non-binary / other,Midlands,Degree,96.3,7.7,8.4,0.4733,1,1,0.6929867282321883
P35698,55-64,Non-binary / other,Midlands,No degree,53.9,8.4,8.6,0.1733,1,1,1.5007291803873264
P35858,55-64,Woman,North,No degree,68.0,6.7,6.9,0.183,1,1,1.2511423903002707
P35937,25-34,Man,North,No degree,86.3,8.3,8.2,0.3099,1,1,0.8623869631624932
P35952,35-44,Woman,Scotland/Wales,No degree,100.0,5.1,6.8,0.2721,1,1,1.3048178847091474
P35973,55-64,Man,North,No degree,53.2,4.9,6.5,0.1053,1,1,1.2511423903002707
P35991,45-54,Woman,North,Degree,67.3,6.6,7.8,0.2731,1,1,0.7895248043822556
P36001,65-74,Man,Midlands,No degree,47.7,7.0,7.1,0.0966,1,1,2.7226833368084034
P36022,45-54,Woman,Scotland/Wales,Degree,64.0,7.5,6.9,0.2862,1,1,0.9951174176445505
P36104,35-44,Man,London,No degree,67.0,5.9,8.3,0.1827,1,1,1.055866733559916
P36117,25-34,Man,South,No degree,68.3,4.8,6.2,0.1427,1,1,0.9163799524011521
P36121,35-44,Woman,London,Degree,86.2,6.6,7.5,0.4073,1,1,0.7073530874284455
P36139,45-54,Woman,South,Degree,55.8,5.7,8.5,0.198,1,1,0.838955983293333
P36156,35-44,Woman,Scotland/Wales,No degree,70.5,4.9,5.5,0.1514,1,1,1.3048178847091474
P36166,55-64,Man,South,Degree,49.3,6.2,8.7,0.1862,1,1,0.89065043049051
P36183,25-34,Man,North,Degree,80.0,5.1,6.3,0.2862,1,1,0.577735865296503
P36368,35-44,Woman,London,No degree,85.9,4.2,7.3,0.2114,1,1,1.055866733559916
P36435,35-44,Woman,Midlands,Degree,75.2,6.1,7.3,0.2954,1,1,0.8318865188819854
P36492,25-34,Man,North,No degree,76.4,6.8,7.6,0.2178,1,1,0.8623869631624932
P36554,45-54,Woman,Scotland/Wales,Degree,70.6,7.8,7.4,0.3301,1,1,0.9951174176445505
P36565,25-34,Woman,London,No degree,90.2,7.3,7.0,0.328,1,1,0.8795690476175343
P36590,65-74,Woman,London,Degree,33.7,6.3,6.0,0.121,1,1,1.5509451779201586
P36686,25-34,Man,Midlands,Degree,76.7,7.0,6.5,0.3342,1,1,0.6929867282321883
P36696,55-64,Non-binary / other,North,No degree,40.7,7.6,4.9,0.1184,1,1,1.2511423903002707
P36746,55-64,Woman,North,Degree,64.7,7.1,6.0,0.2766,1,1,0.8381734213821421
P36788,45-54,Man,Midlands,Degree,54.1,9.0,6.9,0.2867,1,1,0.94702483247465
P36961,18-24,Woman,London,No degree,82.4,4.6,6.6,0.2081,1,1,0.8912483447067236
P37001,25-34,Woman,Scotland/Wales,No degree,76.8,6.6,6.2,0.214,1,1,1.0869529152590018
P37007,65-74,Woman,South,Degree,52.3,5.6,9.2,0.142,1,1,1.615853891367582
P37079,45-54,Woman,North,Degree,67.6,6.9,6.9,0.2842,1,1,0.7895248043822556
P37093,18-24,Man,North,No degree,93.8,4.2,6.2,0.2181,1,1,0.873838109125281
P37126,18-24,Woman,South,Degree,93.2,6.4,6.2,0.4039,1,1,0.6220589231931138
P37159,18-24,Man,North,No degree,86.6,8.3,6.3,0.3114,1,1,0.873838109125281
P37163,18-24,Man,North,No degree,75.1,6.2,8.0,0.1969,1,1,0.873838109125281
P37172,35-44,Woman,Midlands,No degree,53.9,5.3,5.4,0.1132,1,1,1.2417579240060994
P37200,18-24,Woman,Midlands,No degree,55.7,3.8,2.4,0.0949,1,1,1.0481575554194622
P37256,45-54,Man,North,No degree,54.8,5.4,5.4,0.117,1,1,1.178524546062652
P37430,25-34,Man,North,No degree,86.5,6.3,7.9,0.2468,1,1,0.8623869631624932
P37431,18-24,Woman,South,No degree,63.9,7.3,9.7,0.1827,1,1,0.9285480405571193
P37497,55-64,Non-binary / other,North,Degree,49.9,6.8,6.0,0.2035,1,1,0.8381734213821421
P37499,25-34,Man,North,No degree,27.9,4.9,4.5,0.0603,1,1,0.8623869631624932
P37505,45-54,Man,Scotland/Wales,No degree,56.7,6.1,4.2,0.1343,1,1,1.4854128665738215
P37514,35-44,Man,South,Degree,95.1,6.2,7.9,0.4072,1,1,0.7369565702024881
P37517,35-44,Man,North,No degree,65.5,5.7,5.3,0.1524,1,1,1.0352407333175977
P37535,18-24,Man,South,No degree,84.7,5.3,6.8,0.211,1,1,0.9285480405571193
P37702,18-24,Man,South,Degree,76.4,4.8,5.6,0.2595,1,1,0.6220589231931138
P37778,55-64,Man,Midlands,No degree,50.4,5.8,6.6,0.1128,1,1,1.5007291803873264
P37812,25-34,Man,South,Degree,91.1,8.3,6.8,0.4662,1,1,0.6139071986888239
P37878,35-44,Woman,South,Degree,51.3,6.0,7.6,0.1887,1,1,0.7369565702024881
P37898,35-44,Woman,South,Degree,79.2,4.0,5.2,0.248,1,1,0.7369565702024881
P37921,45-54,Woman,London,Degree,76.9,7.1,4.8,0.3732,1,1,0.8052551927667212
P37928,25-34,Woman,North,No degree,93.0,7.5,5.1,0.3169,1,1,0.8623869631624932
P37932,35-44,Man,North,No degree,60.9,7.2,6.1,0.1699,1,1,1.0352407333175977
P37978,25-34,Man,South,No degree,66.0,6.1,7.5,0.1625,1,1,0.9163799524011521
P37982,18-24,Man,South,Degree,90.1,7.0,8.8,0.4091,1,1,0.6220589231931138
P37983,18-24,Man,North,Degree,82.4,4.3,5.3,0.272,1,1,0.5854072912387358
P38018,35-44,Woman,South,Degree,59.6,7.1,8.2,0.2528,1,1,0.7369565702024881
P38164,35-44,Man,South,Degree,62.8,6.6,5.7,0.2522,1,1,0.7369565702024881
P38204,18-24,Woman,North,Degree,91.3,7.0,7.8,0.4161,1,1,0.5854072912387358
P38214,55-64,Man,Midlands,No degree,65.1,4.0,3.9,0.1195,1,1,1.5007291803873264
P38225,55-64,Man,North,Degree,70.1,8.1,6.4,0.3381,1,1,0.8381734213821421
P38246,45-54,Woman,North,No degree,53.8,4.4,4.1,0.0993,1,1,1.178524546062652
P38295,25-34,Woman,Scotland/Wales,No degree,74.0,4.1,6.1,0.1458,1,1,1.0869529152590018
P38359,45-54,Man,South,No degree,89.7,3.9,4.9,0.1942,1,1,1.252310521327989
P38361,55-64,Woman,South,Degree,64.4,7.1,5.3,0.2752,1,1,0.89065043049051
P38363,35-44,Non-binary / other,South,No degree,72.7,5.5,6.2,0.1715,1,1,1.1000558849386992
P38399,55-64,Woman,North,Degree,20.4,3.7,4.7,0.0712,1,1,0.8381734213821421
P38475,65-74,Woman,South,Degree,41.2,5.1,5.5,0.1048,1,1,1.615853891367582
P38479,55-64,Woman,North,No degree,17.8,4.7,5.9,0.0465,1,1,1.2511423903002707
P38485,55-64,Woman,South,No degree,42.7,8.6,7.1,0.1419,1,1,1.3294748796595566
P38490,25-34,Woman,Midlands,Degree,78.0,6.7,4.2,0.3305,1,1,0.6929867282321883
P38576,55-64,Woman,South,No degree,42.5,5.2,5.3,0.0872,1,1,1.3294748796595566
P38624,35-44,Woman,Midlands,No degree,68.3,6.0,6.6,0.1679,1,1,1.2417579240060994
P38698,45-54,Woman,South,No degree,82.5,4.5,5.9,0.1824,1,1,1.252310521327989
P38706,25-34,Man,North,Degree,68.6,6.2,8.6,0.2667,1,1,0.577735865296503
P38720,35-44,Woman,Midlands,No degree,64.3,5.3,6.6,0.1408,1,1,1.2417579240060994
P38781,65-74,Man,Midlands,No degree,31.0,6.9,4.2,0.0659,1,1,2.7226833368084034
P38785,55-64,Man,North,Degree,52.2,7.4,6.2,0.2291,1,1,0.8381734213821421
P38879,35-44,Man,North,Degree,70.7,7.3,5.6,0.3132,1,1,0.6935351836258383
P38943,18-24,Man,Midlands,Degree,87.4,4.4,10.0,0.2998,1,1,0.7021885048292753
P38950,55-64,Man,South,No degree,37.1,4.6,3.4,0.0709,1,1,1.3294748796595566
P38955,18-24,Woman,South,Degree,86.2,8.7,8.0,0.4528,1,1,0.6220589231931138
P39127,55-64,Woman,North,No degree,42.7,8.0,6.2,0.1307,1,1,1.2511423903002707
P39131,55-64,Man,London,Degree,47.5,3.6,4.9,0.1438,1,1,0.8548730784146957
P39151,25-34,Man,South,No degree,67.1,5.9,5.8,0.1617,1,1,0.9163799524011521
P39234,25-34,Man,South,No degree,55.2,4.5,6.1,0.1038,1,1,0.9163799524011521
P39282,18-24,Man,Midlands,No degree,100.0,4.6,4.0,0.2565,1,1,1.0481575554194622
P39313,25-34,Man,Scotland/Wales,Degree,76.1,9.7,7.1,0.4325,1,1,0.7281785438068972
P39362,25-34,Woman,Midlands,No degree,84.8,6.5,3.8,0.2451,1,1,1.0344220533467472
P39401,45-54,Man,North,No degree,36.8,6.2,5.9,0.0891,1,1,1.178524546062652
P39444,35-44,Woman,Midlands,No degree,74.1,4.9,6.1,0.1628,1,1,1.2417579240060994
P39513,35-44,Woman,Scotland/Wales,No degree,64.2,5.8,6.8,0.1504,1,1,1.3048178847091474
P39520,18-24,Man,Midlands,Degree,80.0,7.1,6.4,0.3557,1,1,0.7021885048292753
P39534,25-34,Man,North,Degree,73.5,7.8,6.9,0.3457,1,1,0.577735865296503
P39537,55-64,Woman,London,No degree,65.9,6.5,6.1,0.1933,1,1,1.2760699867664655
P39596,25-34,Man,Midlands,Degree,67.4,5.3,5.7,0.2343,1,1,0.6929867282321883
P39637,25-34,Woman,South,Degree,64.9,7.6,5.8,0.2939,1,1,0.6139071986888239
P39781,45-54,Man,London,Degree,74.1,6.8,3.9,0.3467,1,1,0.8052551927667212
P39811,18-24,Woman,Midlands,No degree,70.3,4.0,8.4,0.1332,1,1,1.0481575554194622
P39812,55-64,Woman,London,Degree,36.3,7.2,6.2,0.1859,1,1,0.8548730784146957
P39823,18-24,Woman,South,No degree,100.0,7.2,8.0,0.3434,1,1,0.9285480405571193
P39841,55-64,Woman,Midlands,Degree,50.4,4.7,5.4,0.156,1,1,1.005378221891577
P39892,35-44,Man,South,Degree,80.2,4.6,7.7,0.2711,1,1,0.7369565702024881
P39937,35-44,Woman,Scotland/Wales,Degree,68.0,6.4,6.4,0.2701,1,1,0.8741320565797465
P39980,55-64,Woman,Midlands,Degree,58.7,5.1,5.9,0.1938,1,1,1.005378221891577
P39985,65-74,Man,Scotland/Wales,Degree,39.7,6.0,3.3,0.1154,1,1,1.9166254054909067
P40034,35-44,Man,North,No degree,63.2,6.2,5.3,0.1556,1,1,1.0352407333175977
P40055,55-64,Woman,Midlands,No degree,66.6,6.6,9.1,0.1757,1,1,1.5007291803873264
P40133,55-64,Woman,Midlands,Degree,78.1,6.1,8.5,0.3101,1,1,1.005378221891577
P40144,55-64,Woman,Midlands,Degree,35.8,6.7,3.6,0.152,1,1,1.005378221891577
P40167,35-44,Man,London,No degree,86.3,7.0,9.1,0.2976,1,1,1.055866733559916
P40213,45-54,Man,North,No degree,53.3,6.9,9.3,0.1398,1,1,1.178524546062652
P40280,45-54,Woman,London,Degree,54.5,4.9,6.9,0.1965,1,1,0.8052551927667212
P40292,45-54,Man,South,No degree,57.1,6.9,7.2,0.1512,1,1,1.252310521327989
P40312,55-64,Woman,South,Degree,55.4,6.9,5.0,0.2286,1,1,0.89065043049051
P40327,25-34,Woman,Scotland/Wales,No degree,82.2,5.4,5.1,0.2037,1,1,1.0869529152590018
P40370,25-34,Woman,Scotland/Wales,No degree,58.9,4.6,7.6,0.114,1,1,1.0869529152590018
P40456,35-44,Woman,Midlands,Degree,60.2,6.7,8.4,0.2436,1,1,0.8318865188819854
P40472,25-34,Woman,South,No degree,77.9,6.8,6.1,0.224,1,1,0.9163799524011521
P40489,35-44,Woman,South,Degree,91.4,5.4,5.0,0.3561,1,1,0.7369565702024881
P40563,25-34,Woman,Midlands,Degree,100.0,5.8,4.6,0.4202,1,1,0.6929867282321883
P40642,45-54,Woman,Midlands,No degree,46.5,3.5,5.5,0.0742,1,1,1.4136250116619258
P40660,25-34,Woman,South,No degree,69.5,6.0,8.6,0.1719,1,1,0.9163799524011521
P40700,45-54,Woman,Scotland/Wales,No degree,61.2,4.5,6.6,0.118,1,1,1.4854128665738215
P40727,25-34,Woman,Midlands,Degree,100.0,3.1,5.8,0.32,1,1,0.6929867282321883
P40761,18-24,Man,Scotland/Wales,No degree,90.9,5.4,7.3,0.2397,1,1,1.1013859447677783
P40773,18-24,Man,Midlands,Degree,67.0,4.4,6.4,0.2078,1,1,0.7021885048292753
P40791,25-34,Man,Midlands,Degree,66.5,7.3,10.0,0.2919,1,1,0.6929867282321883
P40829,18-24,Woman,Midlands,No degree,82.0,6.2,8.8,0.2244,1,1,1.0481575554194622
P40912,35-44,Woman,North,Degree,62.3,7.2,7.1,0.2684,1,1,0.6935351836258383
P40962,25-34,Woman,London,No degree,57.4,4.9,4.4,0.1314,1,1,0.8795690476175343
P41011,55-64,Man,North,No degree,47.6,7.8,7.1,0.1407,1,1,1.2511423903002707
P41027,25-34,Woman,Midlands,Degree,85.6,7.6,8.8,0.4062,1,1,0.6929867282321883
P41046,45-54,Man,South,No degree,64.8,3.7,7.3,0.1138,1,1,1.252310521327989
P41064,18-24,Woman,London,Degree,100.0,7.0,8.5,0.505,1,1,0.5970708691316284
P41073,25-34,Man,London,No degree,96.2,5.2,7.8,0.2872,1,1,0.8795690476175343
P41078,35-44,Woman,Scotland/Wales,No degree,62.7,4.4,3.3,0.1201,1,1,1.3048178847091474
P41213,35-44,Man,South,Degree,81.5,7.3,9.7,0.3715,1,1,0.7369565702024881
P41316,25-34,Man,Scotland/Wales,No degree,82.7,6.3,6.7,0.2302,1,1,1.0869529152590018
P41342,25-34,Woman,North,No degree,52.4,6.6,7.7,0.1317,1,1,0.8623869631624932
P41376,55-64,Woman,London,Degree,54.0,6.7,5.7,0.2438,1,1,0.8548730784146957
P41402,25-34,Man,South,Degree,86.0,6.8,6.9,0.378,1,1,0.6139071986888239
P41424,18-24,Man,Scotland/Wales,No degree,73.1,5.5,5.6,0.1728,1,1,1.1013859447677783
P41438,18-24,Woman,South,Degree,54.7,5.5,8.4,0.1889,1,1,0.6220589231931138
P41459,35-44,Woman,South,Degree,64.3,7.3,7.0,0.2811,1,1,0.7369565702024881
P41478,65-74,Man,Midlands,Degree,38.0,8.4,8.2,0.1553,1,1,1.8239976724033413
P41479,55-64,Woman,South,Degree,53.3,9.7,6.6,0.306,1,1,0.89065043049051
P41509,18-24,Man,North,No degree,85.0,6.0,7.5,0.2315,1,1,0.873838109125281
P41549,55-64,Woman,London,No degree,42.3,6.5,6.0,0.1197,1,1,1.2760699867664655
P41574,35-44,Woman,Scotland/Wales,Degree,82.5,7.9,6.3,0.3999,1,1,0.8741320565797465
P41603,45-54,Man,South,No degree,59.1,7.6,7.4,0.1728,1,1,1.252310521327989
P41667,65-74,Man,Midlands,No degree,45.7,5.8,4.9,0.0776,1,1,2.7226833368084034
P41694,45-54,Woman,South,No degree,62.5,6.7,6.2,0.1641,1,1,1.252310521327989
P41706,25-34,Woman,London,No degree,68.4,4.7,6.2,0.1602,1,1,0.8795690476175343
P41750,55-64,Man,Scotland/Wales,No degree,40.4,5.8,5.9,0.0909,1,1,1.5769404300291507
P41760,18-24,Woman,South,No degree,87.1,7.2,8.0,0.2774,1,1,0.9285480405571193
P41789,25-34,Man,South,Degree,85.3,7.0,8.8,0.3816,1,1,0.6139071986888239
P41823,45-54,Woman,London,Degree,60.6,6.6,6.5,0.271,1,1,0.8052551927667212
P41850,35-44,Woman,Midlands,Degree,86.8,4.4,8.5,0.2968,1,1,0.8318865188819854
P41868,25-34,Man,North,No degree,83.5,5.4,6.7,0.2088,1,1,0.8623869631624932
P41884,35-44,Man,Midlands,Degree,78.6,7.7,7.4,0.3701,1,1,0.8318865188819854
P41955,65-74,Man,North,Degree,51.5,8.6,7.6,0.2078,1,1,1.5206479873762824
P41961,45-54,Woman,London,No degree,69.3,4.5,2.9,0.1589,1,1,1.202005314149092
P41963,45-54,Man,Midlands,Degree,75.2,5.4,8.9,0.2727,1,1,0.94702483247465
P42008,35-44,Man,London,Degree,88.4,6.0,7.1,0.3969,1,1,0.7073530874284455
P42050,65-74,Man,North,No degree,59.0,7.8,4.5,0.1375,1,1,2.2698729274831586
P42097,18-24,Woman,South,Degree,57.1,5.8,4.4,0.2056,1,1,0.6220589231931138
P42110,55-64,Woman,London,Degree,54.9,5.0,7.4,0.2006,1,1,0.8548730784146957
P42148,25-34,Woman,South,No degree,63.1,6.0,5.1,0.1512,1,1,0.9163799524011521
P42164,35-44,Man,South,No degree,74.1,5.5,7.5,0.1763,1,1,1.1000558849386992
P42171,25-34,Man,South,No degree,59.3,5.5,8.7,0.1305,1,1,0.9163799524011521
P42187,25-34,Woman,North,Degree,75.7,7.5,6.1,0.3468,1,1,0.577735865296503
P42267,45-54,Woman,Scotland/Wales,No degree,50.5,4.5,5.0,0.0938,1,1,1.4854128665738215
P42292,45-54,Man,South,No degree,66.7,5.8,4.6,0.1583,1,1,1.252310521327989
P42301,25-34,Woman,London,No degree,76.3,3.8,6.7,0.1665,1,1,0.8795690476175343
P42307,55-64,Woman,South,Degree,59.0,7.3,5.9,0.2562,1,1,0.89065043049051
P42317,25-34,Man,London,No degree,66.7,4.5,8.0,0.1507,1,1,0.8795690476175343
P42437,45-54,Woman,South,No degree,69.3,6.0,6.2,0.1712,1,1,1.252310521327989
P42474,25-34,Woman,North,No degree,62.7,8.8,5.9,0.2163,1,1,0.8623869631624932
P42485,35-44,Woman,North,Degree,77.8,6.0,6.4,0.3052,1,1,0.6935351836258383
P42534,25-34,Woman,London,Degree,62.3,6.2,6.1,0.2664,1,1,0.5892465987076719
P42558,25-34,Woman,Scotland/Wales,Degree,74.2,6.1,4.9,0.2904,1,1,0.7281785438068972
P42584,25-34,Woman,North,No degree,67.8,5.6,6.1,0.1575,1,1,0.8623869631624932
P42621,55-64,Woman,Scotland/Wales,Degree,57.4,7.6,4.8,0.258,1,1,1.056434156336229
P42626,35-44,Woman,Scotland/Wales,Degree,82.1,5.4,8.9,0.3067,1,1,0.8741320565797465
P42628,65-74,Woman,North,No degree,23.5,9.0,7.3,0.0761,1,1,2.2698729274831586
P42637,45-54,Non-binary / other,London,Degree,51.7,5.8,4.4,0.209,1,1,0.8052551927667212
P42680,25-34,Woman,South,Degree,62.9,5.2,6.4,0.2128,1,1,0.6139071986888239
P42781,65-74,Woman,North,Degree,29.7,6.0,3.5,0.093,1,1,1.5206479873762824
P42868,65-74,Man,North,Degree,45.5,9.7,9.1,0.2132,1,1,1.5206479873762824
P42961,18-24,Non-binary / other,Midlands,Degree,66.2,6.5,8.5,0.2648,1,1,0.7021885048292753
P43023,65-74,Man,North,Degree,54.2,6.2,5.9,0.1601,1,1,1.5206479873762824
P43045,65-74,Man,South,No degree,15.2,10.0,7.6,0.0734,1,1,2.411986885348764
P43051,25-34,Man,South,Degree,100.0,6.2,6.1,0.4359,1,1,0.6139071986888239
P43081,35-44,Woman,South,No degree,75.4,5.7,6.9,0.1857,1,1,1.1000558849386992
P43083,35-44,Woman,North,No degree,85.2,5.7,6.8,0.2239,1,1,1.0352407333175977
P43124,35-44,Non-binary / other,South,No degree,73.0,7.4,8.0,0.2203,1,1,1.1000558849386992
P43125,25-34,Woman,London,No degree,95.4,6.3,6.9,0.3203,1,1,0.8795690476175343
P43133,35-44,Woman,London,Degree,82.2,4.7,9.0,0.3154,1,1,0.7073530874284455
P43322,18-24,Woman,South,Degree,84.1,5.4,9.4,0.317,1,1,0.6220589231931138
P43337,18-24,Woman,Midlands,No degree,70.3,5.5,7.0,0.1634,1,1,1.0481575554194622
P43359,35-44,Man,South,Degree,79.1,7.0,3.7,0.3471,1,1,0.7369565702024881
P43419,35-44,Woman,Midlands,No degree,82.6,5.4,4.4,0.2053,1,1,1.2417579240060994
P43527,55-64,Woman,South,No degree,40.7,7.4,6.7,0.1151,1,1,1.3294748796595566
P43537,25-34,Man,North,Degree,83.7,8.0,7.2,0.4107,1,1,0.577735865296503
P43547,25-34,Woman,North,Degree,87.5,8.6,6.5,0.4566,1,1,0.577735865296503
P43549,55-64,Woman,North,Degree,46.0,6.4,6.3,0.1792,1,1,0.8381734213821421
P43639,45-54,Woman,Midlands,Degree,73.4,8.0,6.6,0.3524,1,1,0.94702483247465
P43675,35-44,Woman,London,Degree,70.1,6.2,7.4,0.3046,1,1,0.7073530874284455
P43718,65-74,Man,North,No degree,45.2,4.5,4.9,0.0633,1,1,2.2698729274831586
P43729,25-34,Woman,South,Degree,55.9,4.7,6.2,0.1742,1,1,0.6139071986888239
P43775,25-34,Woman,North,No degree,77.1,2.8,7.9,0.1299,1,1,0.8623869631624932
P43783,18-24,Woman,London,Degree,100.0,5.0,6.7,0.4256,1,1,0.5970708691316284
P43807,55-64,Woman,North,No degree,68.4,4.3,5.3,0.1335,1,1,1.2511423903002707
P43823,35-44,Woman,South,No degree,67.2,6.0,6.9,0.1642,1,1,1.1000558849386992
P43879,65-74,Man,North,No degree,75.5,6.5,8.2,0.1614,1,1,2.2698729274831586
P43887,18-24,Woman,South,No degree,93.1,5.6,8.6,0.2555,1,1,0.9285480405571193
P43890,45-54,Woman,Scotland/Wales,No degree,80.8,5.2,5.8,0.1933,1,1,1.4854128665738215
P43926,18-24,Woman,Scotland/Wales,No degree,77.1,7.3,5.0,0.2348,1,1,1.1013859447677783
P43937,65-74,Man,London,Degree,56.3,8.7,7.5,0.2579,1,1,1.5509451779201586
P43939,25-34,Woman,North,Degree,60.0,7.7,7.4,0.2733,1,1,0.577735865296503
P44083,55-64,Man,London,No degree,45.9,6.5,4.2,0.1292,1,1,1.2760699867664655
P44113,35-44,Woman,North,Degree,85.9,3.9,5.9,0.276,1,1,0.6935351836258383
P44169,35-44,Woman,Scotland/Wales,No degree,69.9,3.8,3.7,0.1285,1,1,1.3048178847091474
P44191,65-74,Woman,London,Degree,47.7,5.0,7.5,0.1353,1,1,1.5509451779201586
P44192,18-24,Man,North,Degree,88.8,3.5,7.3,0.2771,1,1,0.5854072912387358
P44201,45-54,Woman,South,No degree,71.1,6.1,6.1,0.1798,1,1,1.252310521327989
P44219,35-44,Man,London,Degree,52.3,8.9,7.9,0.3056,1,1,0.7073530874284455
P44354,25-34,Woman,Scotland/Wales,Degree,100.0,6.2,9.6,0.4359,1,1,0.7281785438068972
P44397,25-34,Man,North,Degree,72.5,5.7,8.3,0.2693,1,1,0.577735865296503
P44413,35-44,Man,Midlands,No degree,65.8,6.6,7.0,0.173,1,1,1.2417579240060994
P44486,18-24,Woman,North,No degree,52.4,6.1,8.2,0.1228,1,1,0.873838109125281
P44496,35-44,Man,Midlands,No degree,74.8,0.0,5.9,0.0828,1,1,1.2417579240060994
P44503,25-34,Man,London,No degree,65.2,4.0,8.0,0.1364,1,1,0.8795690476175343
P44505,55-64,Man,South,No degree,55.5,6.4,8.2,0.1366,1,1,1.3294748796595566
P44590,55-64,Woman,South,No degree,61.0,8.2,10.0,0.194,1,1,1.3294748796595566
P44624,55-64,Woman,North,Degree,56.5,5.3,4.1,0.1906,1,1,0.8381734213821421
P44774,45-54,Non-binary / other,London,No degree,55.3,9.0,8.5,0.2171,1,1,1.202005314149092
P44785,25-34,Man,Scotland/Wales,No degree,68.9,6.3,4.5,0.1768,1,1,1.0869529152590018
P44833,25-34,Man,Scotland/Wales,Degree,83.6,7.1,3.6,0.3758,1,1,0.7281785438068972
P44922,35-44,Woman,North,Degree,58.7,5.1,5.3,0.1938,1,1,0.6935351836258383
P44941,55-64,Man,Scotland/Wales,No degree,68.3,4.0,4.6,0.1278,1,1,1.5769404300291507
P45024,65-74,Man,Midlands,Degree,28.5,6.4,6.3,0.096,1,1,1.8239976724033413
P45056,45-54,Woman,London,No degree,54.0,8.2,8.4,0.1912,1,1,1.202005314149092
P45085,55-64,Woman,North,No degree,45.4,6.5,6.3,0.112,1,1,1.2511423903002707
P45116,18-24,Man,North,No degree,95.0,5.6,6.7,0.2642,1,1,0.873838109125281
P45172,25-34,Woman,South,No degree,80.4,6.0,7.7,0.2124,1,1,0.9163799524011521
P45256,35-44,Woman,Midlands,Degree,65.8,6.8,8.9,0.2723,1,1,0.8318865188819854
P45339,18-24,Man,South,Degree,91.3,5.4,5.8,0.3555,1,1,0.6220589231931138
P45370,25-34,Man,South,Degree,65.9,7.8,7.3,0.3057,1,1,0.6139071986888239
P45474,45-54,Man,North,No degree,66.6,5.4,7.7,0.1496,1,1,1.178524546062652
P45508,35-44,Man,South,No degree,74.7,4.8,5.2,0.1626,1,1,1.1000558849386992
P45535,45-54,Man,North,No degree,54.6,6.9,5.8,0.1436,1,1,1.178524546062652
P45640,25-34,Woman,North,No degree,87.1,6.1,7.2,0.2435,1,1,0.8623869631624932
P45656,25-34,Woman,North,No degree,77.6,4.5,7.2,0.1655,1,1,0.8623869631624932
P45743,25-34,Man,North,No degree,71.3,5.8,6.9,0.1735,1,1,0.8623869631624932
P45805,18-24,Man,South,No degree,98.9,4.2,6.5,0.2397,1,1,0.9285480405571193
P45888,65-74,Man,North,Degree,40.6,7.8,7.4,0.1509,1,1,1.5206479873762824
P45898,55-64,Man,Scotland/Wales,Degree,56.0,5.4,6.4,0.1912,1,1,1.056434156336229
P45970,35-44,Woman,South,No degree,53.3,8.1,7.7,0.1645,1,1,1.1000558849386992
P46030,65-74,Woman,South,Degree,61.0,6.8,5.9,0.1981,1,1,1.615853891367582
P46112,55-64,Man,South,No degree,67.2,6.3,7.5,0.1709,1,1,1.3294748796595566
P46185,35-44,Man,London,Degree,70.5,6.3,8.8,0.31,1,1,0.7073530874284455
P46192,35-44,Woman,London,No degree,72.8,7.6,8.1,0.2522,1,1,1.055866733559916
P46219,35-44,Woman,Midlands,No degree,97.1,6.5,6.3,0.3037,1,1,1.2417579240060994
P46232,55-64,Man,South,No degree,56.1,8.1,6.9,0.174,1,1,1.3294748796595566
P46237,45-54,Woman,Midlands,No degree,72.5,8.9,6.6,0.2619,1,1,1.4136250116619258
P46259,18-24,Man,South,No degree,94.0,5.6,8.3,0.2596,1,1,0.9285480405571193
P46283,45-54,Man,London,No degree,66.9,6.6,7.6,0.1997,1,1,1.202005314149092
P46358,55-64,Woman,Scotland/Wales,Degree,66.9,5.0,4.4,0.2237,1,1,1.056434156336229
P46435,45-54,Woman,Midlands,No degree,49.9,3.9,4.4,0.0848,1,1,1.4136250116619258
P46476,45-54,Woman,Midlands,Degree,49.2,7.0,6.8,0.206,1,1,0.94702483247465
P46579,35-44,Man,London,No degree,54.8,7.0,5.2,0.1659,1,1,1.055866733559916
P46635,35-44,Woman,South,No degree,55.7,7.0,5.6,0.1489,1,1,1.1000558849386992
P46642,18-24,Woman,North,Degree,81.1,6.0,4.1,0.3222,1,1,0.5854072912387358
P46656,18-24,Woman,South,Degree,77.6,7.6,6.6,0.3609,1,1,0.6220589231931138
P46743,45-54,Man,Midlands,Degree,61.7,6.9,5.6,0.2563,1,1,0.94702483247465
P46843,35-44,Man,North,No degree,66.3,6.5,7.5,0.1724,1,1,1.0352407333175977
P46851,65-74,Man,North,Degree,50.5,6.1,9.9,0.1465,1,1,1.5206479873762824
P46948,55-64,Woman,South,Degree,29.5,4.4,5.7,0.0964,1,1,0.89065043049051
P47024,35-44,Man,Scotland/Wales,Degree,76.7,7.5,8.0,0.3522,1,1,0.8741320565797465
P47054,18-24,Man,South,No degree,68.6,5.1,5.3,0.1496,1,1,0.9285480405571193
P47086,65-74,Man,Scotland/Wales,Degree,39.8,5.7,7.7,0.1108,1,1,1.9166254054909067
P47173,25-34,Woman,North,Degree,86.7,5.5,8.2,0.3342,1,1,0.577735865296503
P47327,45-54,Woman,Scotland/Wales,Degree,64.9,5.9,4.9,0.2408,1,1,0.9951174176445505
P47462,18-24,Man,Midlands,Degree,66.1,8.1,7.1,0.317,1,1,0.7021885048292753
P47486,18-24,Woman,Midlands,Degree,63.2,4.8,6.8,0.2034,1,1,0.7021885048292753
P47493,65-74,Woman,Midlands,No degree,75.4,6.8,7.5,0.1676,1,1,2.7226833368084034
P47642,45-54,Woman,North,Degree,68.0,4.2,7.8,0.2065,1,1,0.7895248043822556
P47722,55-64,Man,Midlands,Degree,64.2,6.0,6.0,0.2406,1,1,1.005378221891577
P47754,25-34,Man,North,No degree,79.4,3.7,4.9,0.1542,1,1,0.8623869631624932
P47807,35-44,Man,London,Degree,94.3,5.4,7.4,0.4079,1,1,0.7073530874284455
P47815,55-64,Woman,North,Degree,61.2,9.9,6.4,0.355,1,1,0.8381734213821421
P47856,25-34,Woman,London,No degree,100.0,3.3,6.2,0.2456,1,1,0.8795690476175343
P47861,25-34,Woman,London,No degree,63.9,4.9,6.2,0.1503,1,1,0.8795690476175343
P47943,65-74,Woman,North,Degree,57.7,7.0,9.9,0.1907,1,1,1.5206479873762824
P48022,35-44,Man,Midlands,Degree,33.6,7.3,7.4,0.1577,1,1,0.8318865188819854
P48106,18-24,Man,North,No degree,89.7,6.8,7.5,0.277,1,1,0.873838109125281
P48183,45-54,Woman,London,No degree,48.7,6.8,7.2,0.1427,1,1,1.202005314149092
P48187,25-34,Man,South,No degree,79.3,7.5,5.5,0.2503,1,1,0.9163799524011521
P48190,55-64,Man,North,Degree,62.3,8.3,6.1,0.3043,1,1,0.8381734213821421
P48247,35-44,Man,North,No degree,74.2,6.1,7.6,0.1911,1,1,1.0352407333175977
P48285,55-64,Woman,London,Degree,86.3,5.7,6.9,0.3736,1,1,0.8548730784146957
P48383,65-74,Man,South,No degree,48.7,9.7,8.5,0.1444,1,1,2.411986885348764
P48391,18-24,Woman,Midlands,Degree,85.3,7.0,6.8,0.3816,1,1,0.7021885048292753
P48462,35-44,Man,London,Degree,73.8,4.0,6.8,0.2518,1,1,0.7073530874284455
P48485,25-34,Man,South,No degree,86.9,7.7,6.1,0.2927,1,1,0.9163799524011521
P48494,25-34,Woman,South,Degree,76.2,5.6,8.1,0.2839,1,1,0.6139071986888239
P48521,45-54,Woman,North,Degree,40.2,6.3,5.6,0.1575,1,1,0.7895248043822556
P48541,25-34,Man,Midlands,No degree,89.3,6.3,7.7,0.2595,1,1,1.0344220533467472
P48628,35-44,Man,North,Degree,60.3,4.5,4.8,0.185,1,1,0.6935351836258383
P48697,45-54,Woman,Midlands,No degree,74.1,6.9,7.8,0.2112,1,1,1.4136250116619258
P48780,65-74,Man,South,No degree,49.4,6.7,6.1,0.096,1,1,2.411986885348764
P48798,35-44,Woman,London,Degree,72.6,4.1,6.6,0.2494,1,1,0.7073530874284455
P48866,25-34,Man,South,No degree,74.1,4.7,4.9,0.1585,1,1,0.9163799524011521
P48927,25-34,Man,North,Degree,92.7,2.9,6.5,0.2766,1,1,0.577735865296503
P49023,35-44,Woman,Scotland/Wales,Degree,61.8,7.5,7.0,0.2755,1,1,0.8741320565797465
P49089,25-34,Woman,South,Degree,72.3,5.6,4.4,0.2653,1,1,0.6139071986888239
P49103,35-44,Woman,North,Degree,65.7,7.6,7.0,0.2979,1,1,0.6935351836258383
P49116,45-54,Woman,Scotland/Wales,No degree,63.8,7.9,10.0,0.1971,1,1,1.4854128665738215
P49124,45-54,Woman,South,Degree,60.5,7.8,4.8,0.2789,1,1,0.838955983293333
P49182,18-24,Woman,North,Degree,87.9,5.7,7.9,0.3479,1,1,0.5854072912387358
P49189,18-24,Man,Midlands,No degree,74.7,6.1,5.4,0.1929,1,1,1.0481575554194622
P49244,18-24,Woman,Scotland/Wales,No degree,85.4,6.3,6.8,0.2419,1,1,1.1013859447677783
P49265,55-64,Woman,Midlands,No degree,27.3,5.5,3.5,0.0651,1,1,1.5007291803873264
P49281,45-54,Man,North,Degree,70.8,8.6,5.5,0.3601,1,1,0.7895248043822556
P49297,25-34,Woman,North,Degree,65.5,7.6,8.0,0.2969,1,1,0.577735865296503
P49362,45-54,Man,Scotland/Wales,No degree,74.4,6.1,6.4,0.1918,1,1,1.4854128665738215
P49367,18-24,Man,Midlands,Degree,95.0,3.1,5.4,0.2944,1,1,0.7021885048292753
P49429,45-54,Woman,North,No degree,61.1,5.2,7.1,0.1299,1,1,1.178524546062652
P49432,35-44,Man,North,Degree,70.0,7.2,6.6,0.3062,1,1,0.6935351836258383
P49549,55-64,Man,London,No degree,55.6,4.8,2.6,0.1248,1,1,1.2760699867664655
P49570,55-64,Man,London,No degree,56.4,5.9,5.9,0.1477,1,1,1.2760699867664655
P49618,25-34,Woman,North,No degree,92.6,5.0,7.2,0.2355,1,1,0.8623869631624932
P49655,55-64,Man,North,No degree,71.9,8.6,9.2,0.25,1,1,1.2511423903002707
P49702,45-54,Man,North,Degree,46.4,3.7,5.0,0.1252,1,1,0.7895248043822556
P49771,55-64,Non-binary / other,South,No degree,60.2,8.2,5.8,0.1911,1,1,1.3294748796595566
P49843,25-34,Woman,North,Degree,94.1,5.7,7.4,0.3823,1,1,0.577735865296503
P49901,65-74,Man,North,Degree,53.0,4.9,8.5,0.1308,1,1,1.5206479873762824
P49945,35-44,Man,North,No degree,89.0,6.8,7.9,0.2737,1,1,1.0352407333175977
